AvgTempCtrl,AvgCool,AvgHeat,Identifier,Country,ProvinceState,Age_of_Home__years_
689.0,759.0,685.0,35d604c942142c96319d64c612472451837ce4cb,US,AL,45
670.578947368421,673.86315789473679,672.96842105263158,a29912111e3b2c0ab1575992af49d5aba111e47b,US,AL,45
693.61702127659578,764.468085106383,713.936170212766,1c23e52ba88dd1bc3150195a77f6558c345fd70b,US,AL,45
661.93121693121691,728.40740740740739,657.91666666666663,47bad00377a367cce54cfa13780bc8557af70eb6,US,AL,45
714.62352941176471,709.21176470588239,709.15294117647056,d4c6324c74911d0631c369ea7af341beec24456c,US,AR,45
722.15322580645159,770.02419354838707,719.766129032258,343753bccabebee2b3cadd9abb0fcd06b8784370,US,AZ,45
714.421052631579,755.15789473684208,720.68421052631584,5f7ea03555f1d50107acd65ca08495a89bfe7334,US,AZ,45
678.0,680.91666666666663,678.83333333333337,d76fbfc6fd5697e8c434602455c63a5640f20787,US,AZ,45
613.609756097561,826.66260162601623,616.11382113821139,db142a6938dbe5f42cbe2b164710fc7cb15611ab,US,AZ,45
724.85507246376812,730.39130434782612,729.84057971014488,6648bc503dd94187cdf555610a73bf443a99eccb,US,AZ,45
622.3,703.6,697.7,8bb023ee93b24a7e3b4234719ae574b5fa6d5f4b,US,AZ,45
729.58823529411768,805.92156862745094,689.88235294117646,220420576de922326464915860641f9d2b2130ae,US,AZ,45
743.28767123287673,734.88013698630141,734.777397260274,89bcd93ac980897c81b13612c79d41113e081f94,US,AZ,45
734.48275862068965,787.0344827586207,737.0344827586207,3f991ad15fe528610be325f4921b3a32df751f1b,US,AZ,45
759.855241264559,778.39434276206327,761.42262895174713,eaec5f8513536d6aa30949f96572ad6b9b9a1c63,US,AZ,45
722.39230769230767,732.55384615384617,732.32307692307688,3f39761de407cc12effcc3c99a2bd59d820fd619,US,AZ,45
712.33333333333337,820.21212121212125,713.87121212121212,efb33f25802d2df4aa64664cc67794601af8f51d,US,AZ,45
698.45652173913038,728.17391304347825,700.0,8563313be1404e512485f7a4419744190cd7fc83,US,AZ,45
710.51449275362324,729.71014492753625,710.0,712087fdc0f6ae8d0b4d98cf6ce6aaf52f449460,US,AZ,45
700.5,711.33333333333337,695.66666666666663,42dbad0f827785857c4b21f9c78b1ddf0281eff3,US,AZ,45
674.49354838709678,704.86935483870968,655.99354838709678,d311492a999114a8ccf10d2a50c2f8d447850c90,US,AZ,45
735.84226646248089,750.81623277182234,733.76875957120978,38c4ec372d9d1d17459e284c43a625b0037e745c,US,AZ,45
695.72807017543857,702.44298245614038,702.22807017543857,82f6c48bab3b3f83ff92ca7eff1f2e0523405262,US,AZ,45
680.578947368421,682.21052631578948,679.47368421052636,5d1e847ee5c0cb01189ac6ac8f0c99c94ed942ac,US,AZ,45
709.37254901960785,713.01470588235293,712.843137254902,7af76b0613b0790072105746db7dc48c9b2f0c7e,US,AZ,45
672.968137254902,767.5,667.5,31f15af8291f3fb2d23d27f28cae917c4adbb415,US,AZ,45
669.23076923076928,681.8,681.2461538461539,47fdfe0bf6120d89d2fbbf4015e2c0104d57f390,US,AZ,45
725.6875,802.0,715.64583333333337,644a5badb120908df7e7a680f16358820ce1f138,US,AZ,45
667.26225490196077,738.75,656.25,bce12688151da76e5950316b49073323f3d98d94,US,AZ,45
687.41509433962267,700.877358490566,693.30188679245282,98a9ea34eb513e69082563039019ccd9adcb55b7,US,AZ,45
712.76190476190482,717.65873015873012,716.80952380952385,1fbdc7e8ace0b0b86552f6897e25e936a24bcc71,US,AZ,45
701.10296684118669,753.19371727748694,697.61256544502623,71dfa478a749c91a51ecd00f33f9824ad982aeb2,US,AZ,45
653.9,658.83333333333337,658.83333333333337,8029efa7d380e671a75ebd3069c19b31827cb8f6,US,AZ,45
704.63020833333337,779.375,698.00520833333337,b6ef35e3b89a2345d35fdba1ef6e2e133c2b64bd,US,CA,45
717.69047619047615,738.57142857142856,690.0,45b3c62d70756c15f96ceca0b1b93b71a59a1862,US,CA,45
731.91339869281046,714.23366013071893,714.23366013071893,4f47958f31de1015c6f598cbbafc9320205cd0e3,US,CA,45
703.70212765957444,768.85106382978722,705.02127659574467,71def1c3d531989de9cd0cbb96c3a85bd4b85157,US,CA,45
737.42857142857144,742.85714285714289,740.0,7a26a484e4221b0ea1b774d0aa2cb26bc58cfa10,US,CA,45
695.61296660117875,780.25540275049116,693.81335952848724,2395cac60e28cfa10a633f4fe4bf73b8760853f9,US,CA,45
721.29710144927537,713.6340579710145,705.21739130434787,bdeb965acc9508c79a81cf360728aaa8ce15c350,US,CA,45
656.952380952381,662.49404761904759,655.27380952380952,12f9a2a3559375f52f6d1cf12091b32f6802e8dc,US,CA,45
719.61702127659578,769.34042553191489,691.26861702127655,2f62b2d7eadb163785f1b59f59beb9bebb26b294,US,CA,45
702.28571428571433,798.51020408163265,697.280612244898,ba7e6a59051d87b9ef439f53c0135a16f80bf58d,US,CA,45
733.87096774193549,740.18387096774188,732.99354838709678,cdfbf2be0c56d368af5209f5d0d4b7b7777188ce,US,CA,45
727.01886792452831,758.811320754717,643.622641509434,7be03c113561d6a1227c9f948246050bf10fe5c0,US,CA,45
739.76495726495727,779.29487179487182,730.86324786324781,e84741b4e62bc8450d7913b8fbdeea1977114108,US,CA,45
688.81034482758616,688.81034482758616,687.87068965517244,1b539c016f7a28c2382edb1f4f19da15c6252973,US,CA,45
744.67708333333337,780.04166666666663,699.15625,ee8fccfd20478d5c1ed4e3db0e2cdb25fee9b02e,US,CA,45
667.6,665.2,662.26666666666665,cd4cb32efdc7a792c7bd18066433cf6a89c4cca3,US,CA,45
727.30508474576266,762.30508474576266,741.457627118644,10fbbc02a06d36f03c9583ba7a5ec2b0f4aa4dce,US,CA,45
713.08898305084745,773.30508474576266,700.0,7b032842bf8438ca28471b56fc34418b8dd43ec4,US,CA,45
684.20567375886526,700.60992907801415,684.3120567375887,4a6f332faed6fb6bfa0e539ff2359892545bc732,US,CA,45
733.61870503597117,789.74100719424462,733.50359712230215,e4f491840c848cffbad0cd0dd869fa8b5a7b5bfe,US,CA,45
693.07142857142856,759.94642857142856,675.05357142857144,ef14a1abcee292ec55f88477f92fd0100fc3f25b,US,CA,45
681.4885057471264,656.566091954023,636.38793103448279,c2b76fcdbe1ce7563901ae8d73878daaed8e9132,US,CA,45
685.22853535353534,659.84974747474746,681.935606060606,8fee64ee73c5e9b125b9da4b120761f8a2688f27,US,CA,45
683.01376146788994,680.82798165137615,680.651376146789,2026d26d7b77becbcb042838059b1f11d2e77557,US,CA,45
748.12152777777783,810.0,750.0,0722d8c9c144b0040b5b3e2382cf41a73fd0630e,US,CA,45
735.4487179487179,782.41880341880346,712.82478632478637,611188776cbbf3dc17ba088b718509c935b9aa9a,US,CA,45
672.72939068100357,721.33333333333337,698.236559139785,77f570ad2cc0c94110df01cd41e07c039f978d8d,US,CA,45
676.43994413407825,674.71927374301674,674.42039106145251,8e6677d35ea88a086b1e6247caf327023d2b59b8,US,CA,45
701.7771739130435,753.29347826086962,661.27173913043475,9402175e14e4e5089923bdc14f6549c37a638477,US,CA,45
678.89379084967322,743.33333333333337,723.30718954248368,8eea7d55938ff158677cdd4c54328df72e73153e,US,CA,45
736.13235294117646,662.33823529411768,662.11764705882354,774a0380c0ad3cc425200269385b550e0d5e2df9,US,CA,45
678.63218390804593,709.19540229885058,709.19540229885058,c47cfd76fa00aab37c1c6e536f1e4a83d9faefa5,US,CA,45
710.4848484848485,759.84090909090912,713.35606060606062,5845f4df21341a51172b92c1c674c3eae356d59f,US,CA,45
710.1,764.0,714.0,25c1774f698f2f15b16eb0552c759afd89c675a5,US,CA,45
663.86363636363637,745.72727272727275,675.4545454545455,e7750bb63da5fb5257ca63b1d4b61c4a53b5232d,US,CA,45
697.64285714285711,758.84482758620686,698.94088669950736,9531104cb79efb3f424025e891f582ef7724a5b8,US,CA,45
728.32539682539687,730.22222222222217,729.8730158730159,07bfda7fde0f03099374f1bd166df998dae0db66,US,CA,45
660.36585365853659,679.27235772357722,673.99186991869919,949e3b53d2105098d6f0c266d60a21dfee4a1ab9,US,CA,45
660.50364963503648,700.91970802919707,679.49635036496352,3be4e692b6d6c31884a598b8a3c6fd30fd4a08a5,US,CA,45
700.88888888888891,819.55555555555554,601.01307189542479,82136e5ff1be5c525a0365ba201a5b2f1f41cc19,US,CA,45
658.625,685.04166666666663,675.79166666666663,4e23926ad3814180c5758dac8cd7fc165405357b,US,CA,45
670.225,745.5,676.975,c3788436ce466cddf41af8d0bf340eb060f5aeab,US,CA,45
673.50940860215053,769.83870967741939,662.241935483871,73380889acc12e4b718a1aab4021fd34036f7000,US,CA,45
696.5611285266458,720.44200626959253,696.06583072100318,fea15e60ca09674db0a617592b698ade06b3f61d,US,CA,45
690.81560283687941,724.68085106382978,722.34042553191489,16cc77bbadf1a329e90932f389efcc632e7c62ef,US,CA,45
645.06666666666672,800.42898550724635,673.5594202898551,6cc0ae099f9f57387ca549ad4ce3fd8b3d2d6125,US,CA,45
708.37810945273634,702.60945273631842,702.60945273631842,72b764a0e04e6125bf4dcf03b8fbdfbc8a7435ac,US,CA,45
765.0,806.33333333333337,756.33333333333337,0075eea4247684839bc4386d5fc5d3abd60f8290,US,CA,45
664.41452991452991,677.11538461538464,677.11538461538464,cee12b41e9955a9069998c389c834a82386a87b4,US,CA,45
661.24064171123,768.23529411764707,656.355614973262,c75e5a9a69f6d1bbcaf3abba936cc2e02ffad617,US,CA,45
699.180055401662,733.60387811634348,699.65650969529088,86b9e89018fe7c82a5af529ae2f47cd73a3418a2,US,CA,45
733.936170212766,737.96453900709218,737.89361702127655,3602e08aaabc9cef9eee3352ec042e3fa9cb9348,US,CA,45
688.5,677.69298245614038,677.69298245614038,ccf9e7feca04c239fc481c0aa97d0b62deac0373,US,CA,45
684.304347826087,711.17391304347825,621.82608695652175,7cdf866d9c403e02c04f2545a6799c48f177fae5,US,CA,45
712.08163265306121,774.59183673469386,699.18367346938771,88df3720ccfad7e85096a0f76160bbd6c5a5dd2e,US,CA,45
715.1625,754.0,702.6541666666667,4c6567cbab076f7596085660b8a6694c026a7d38,US,CA,45
740.4939024390244,789.469512195122,728.59146341463418,e3a704c72f8b43a2d20a074f224bed1f7222c087,US,CA,45
661.78065630397236,719.153713298791,718.8117443868739,4af4f175622bf20c775c74781df3313f9b94cf67,US,CA,45
697.972602739726,703.43835616438355,702.56164383561645,97d011fe0dd4390f3e65eff0749c36caf0953c70,US,CA,45
689.62962962962968,750.03703703703707,689.77777777777783,51e98e887e06916a031b0983fe1268627a368e96,US,CA,45
719.03571428571433,705.25,705.25,befc7538f76dbd5829fe0d325daafdc2061228aa,US,CA,45
721.67605633802816,788.91549295774644,726.0140845070423,64dca3d3cc71ca93f42af1565021bec53a52afbd,US,CA,45
724.01546391752572,793.0,725.0,01045029f21bbf0e829dda0eb1c9d271212150ce,US,CA,45
710.09569377990431,699.73684210526312,699.622009569378,150f8cea4c41eb839aadb4ba44d6e96392c3f400,US,CA,45
700.91282051282053,781.6,707.0512820512821,f4b65cf28d33ba7c7de18a06185ec1dca35a7048,US,CA,45
724.22314049586782,796.98347107438019,718.52892561983469,c3693c6ce53209fc9ef368fcce46848becdea18e,US,CA,45
711.40983606557381,772.13114754098365,703.70491803278685,cf5f14209d70a6becc48fdb7a23d76e1113bdd8b,US,CA,45
707.30858960763521,758.049840933192,718.52279957582186,48bada30449b156fc16200d64d224c33747d16ad,US,CA,45
699.04166666666663,717.38095238095241,675.85714285714289,2ec452cb1399c3f1556904ea2c0216faef3cae53,US,CA,45
748.00867052023125,740.39595375722547,731.75722543352606,ea3793910719517f5694270280f763676ed1344b,US,CA,45
697.58333333333337,755.08333333333337,699.75,118214859bfbe40112981f8a5c8ee993aa46e4b7,US,CA,45
724.53802816901407,812.50704225352115,706.96056338028166,f01ec4062c27909c742ee9d9b7d402ba0241fba0,US,CA,45
674.56650246305423,780.5270935960591,661.90147783251234,98a385bcd89a2cb1c58d067ea95b823a9aa73101,US,CA,45
713.448275862069,779.72413793103453,621.13793103448279,f06360e77227b26415dd0aca3bbc42bbc5ebca81,US,CA,45
713.15441176470586,707.37254901960785,707.37254901960785,605ae105d7ed27eb777b91b646432defef078ba5,US,CA,45
704.33333333333337,703.56540084388189,703.56540084388189,1a3d8bd5b5c54b5cadd0c33b538ca99060fb88ad,US,CA,45
703.375,749.0,699.0,2fc548cc267d8a16a2fe71799b8b75ce5e8dee18,US,CA,45
733.02247191011236,735.8089887640449,735.40449438202245,d520bd1a1820bfbebdfa1581575a582f5c21b61c,US,CA,45
674.52892561983469,691.56749311294766,692.33333333333337,661148a0a30541039672c44e71456098ba269adc,US,CA,45
688.35555555555561,770.3,659.8,a2fc8035c076419f3bcd7246c33612a014f95420,US,CA,45
677.81944444444446,824.0,612.0,595fffced59c97fe821b5b4bed7a1ab21fbe3b31,US,CA,45
694.47549019607845,733.0,700.30882352941171,5ebdc60a247c0f08bcdbfff434a8ea91998c728d,US,CA,45
689.56578947368416,692.4276315789474,691.77631578947364,1051f7184099b57e8c9cd7fe873d144c8a246eed,US,CA,45
648.57661290322585,781.68145161290317,652.37096774193549,1df22a4f15562d7f8e747aab6d31f344c77c5930,US,CA,45
688.49561403508767,766.15350877192986,702.4473684210526,2fd6de1f2bd782b8ef37315bf318f0ffe197ff25,US,CA,45
695.05147058823525,746.69362745098044,675.54656862745094,4693cf195a8ce6d175efb1a4af169b1156cc3de5,US,CA,45
707.51111111111106,670.17777777777781,669.82222222222219,a5297bc5e63f203d700c27aeea170aedfe1cc43c,US,CA,45
715.18128654970758,677.219298245614,655.827485380117,38e54c0e13294bffe489a7544f3baf6f8adc55c1,US,CA,45
696.68663594470047,723.38248847926263,708.9815668202765,bc695e6e6bfc30d44419e35df6370c790eef5509,US,CA,45
686.0,818.0,600.0,ebc0f91eda4797be5d772af0de831bf320aa630e,US,CA,45
663.93630573248413,669.687898089172,659.91719745222929,ae04b16829998b871fa0a6c1075b76f703a03e9d,US,CA,45
715.75641025641028,691.52136752136755,691.17948717948718,0436664f0b63aec467a3d479c82bffce977f06ac,US,CA,45
679.97916666666663,669.6875,651.61458333333337,6b06932cd3d280baaa9b3c1c8d56cf6972b26f9d,US,CA,45
722.5179738562091,696.66666666666663,696.66666666666663,2897102c8d23893e86ce1d373fa1de5852226bca,US,CA,45
720.79207920792078,759.09900990099015,691.60396039603961,0d9868d77a9c8489cb4e1ecdc0d1276f82eef378,US,CA,45
676.70341207349077,743.6062992125984,668.8661417322835,d75967e742ece0ab64e8510f12bc73303aa6617c,US,CA,45
716.0858369098712,747.36051502145926,719.03433476394855,51e0101c5456c0224c1b394124f3609c6a9ce2ea,US,CA,45
697.0625,780.796875,699.7734375,8ea1d7b528a24620c17912edb907de045832938f,US,CA,45
676.2,684.4666666666667,680.5333333333333,685ec2e21fc6edb29a7eed647068b842484a1be7,US,CO,45
703.24509803921569,706.23529411764707,702.23529411764707,4b67be3958f7fbd79afe86ae7fc608f6fe9047dc,US,CO,45
698.0,699.0,699.0,07a37aa5754315dd1d0677620fd2092bb30de372,US,CO,45
742.71572580645159,732.51411290322585,730.20766129032256,d40abba06796f5fa70c5139c1fef863ec81db7c2,US,CO,45
702.40702947845807,765.10204081632651,703.265306122449,cfd3e6d1763bd45b050f531a48d672714966cb99,US,CO,45
687.530549898167,763.78818737270876,683.76782077393079,11bb323441ec882c020964ea0566b2a4059c0778,US,CO,45
708.13333333333333,759.85,709.61666666666667,488a5727eb5322fa003413c785c302ca370d2ae4,US,CO,45
641.34615384615381,667.53846153846155,650.92307692307691,d1591156cd2833a7e09a3e6389dcaa92d0898b1e,US,CO,45
673.828947368421,672.74436090225561,669.75751879699249,a67006c66ca71b5dedad1188a00776857b11c421,US,CO,45
717.27272727272725,790.0,718.81818181818187,d0516f3314b65876eac94399955795b7b1e5c083,US,CO,45
701.16078431372546,755.8039215686274,703.9098039215686,47c1dcb7a668b6dcbd3c3a8b08bc7919206a37d2,US,CO,45
679.08333333333337,746.66666666666663,680.0,73e923a1e38e7d293f5adde23e48f0860bd7dbd5,US,CO,45
663.53846153846155,689.0,630.07692307692309,f2219e013cd140fa5a1245a0530cfa349680d10f,US,CO,45
685.58823529411768,695.41176470588232,691.29411764705878,c965241caa192c076b4f7693bdb42e998b2535c6,US,CO,45
724.05882352941171,715.0,697.45833333333337,2eea5d365d0292a8b9bcca55b92e55a724839501,US,CO,45
689.25,691.0,665.0,b5a52300058281563d4e4cf288aea5000323c12d,US,CO,45
667.05555555555554,671.86111111111109,670.25,cdd6af5500610e6dc2619e91495b70b58ac8b0ce,US,CO,45
695.06410256410254,730.07692307692309,699.61538461538464,2958c7f329bda9adcbaaae14deedcdc40c0b5b8c,US,CO,45
692.37007874015751,729.08661417322833,694.01574803149606,98cd0b98c86826d2fe44ee10e7f9114a067de868,US,CO,45
710.76470588235293,792.32679738562092,697.62745098039215,f5cc7aa011106cbeb1d434d978c8f06d45819efa,US,CO,45
646.14444444444439,658.97407407407411,653.05925925925931,9a7c8c4838a25ecb2716d5d9065cbadd7a2713f0,US,CO,45
703.09649122807014,705.69298245614038,704.83333333333337,9989b349f3c147ede4fdea8befd267713a48abe4,US,CO,45
697.71428571428567,814.85714285714289,637.71428571428567,517fb1eb48ef5d91755353127ce016fde78bf72f,US,CO,45
677.82258064516134,752.516129032258,677.38709677419354,69b33447b3aa0a25fd4097025e0c1cf327cf110e,US,CO,45
679.05714285714282,693.71428571428567,692.51428571428573,495a114827ed50d908eeef4f1ec3719fb51fed56,US,CT,45
647.62288135593224,649.41525423728808,638.61864406779659,c36510e1cef94a504325c67c0e3732e5b40a1309,US,CT,45
672.47701149425291,660.44252873563221,659.74712643678163,29ac41e385faab97353d184e4948434aa81892a8,US,CT,45
668.218137254902,667.60171568627447,660.46078431372553,547cd13a3097363fec49b91429e3cdac7028f24a,US,CT,45
656.38666666666666,651.12,651.12,9b51dbf3db985732926fa306564f61277b9b6bfa,US,CT,45
707.47222222222217,709.0,709.0,de4cd054cb382501cb485410ebd0cbff822ce669,US,CT,45
674.88474025974028,681.90909090909088,681.90909090909088,588d252d1e52adeaf62007944c5a913d762001e4,US,CT,45
657.63829787234044,792.98581560283685,653.29078014184392,f1c7933114855923a9cf2d59719743f601e2da8c,US,CT,45
638.62790697674416,650.55813953488371,621.11627906976742,99ff532e410c6f037cb230b560e98c044f27e4dc,US,CT,45
715.396923076923,715.723076923077,715.723076923077,ec4828182a6d3fa637ae999bdc6ec93c2bdbb38b,US,DE,45
679.122641509434,700.83018867924534,676.46226415094338,b7700aa6c467694f28b83690983d25a58dee0c94,US,DE,45
711.83815028901734,712.14450867052028,711.26878612716769,173abd5edd7995a560b39f1085ad07004f95456e,US,FL,45
719.33823529411768,726.83823529411768,670.68382352941171,bdc8e659891a30b6d2d3d2304bf1dac57c301f21,US,FL,45
754.51923076923072,782.625,743.46153846153845,f09160a3ece2df7418e9d12ea31832f8140bb9e2,US,FL,45
748.70707070707067,751.12626262626259,700.0,6cc0dac9efd31a8c78260628fbe866a0ca1acf4d,US,FL,45
736.91666666666663,771.25,698.78125,89538d791b51aae8b310668811b9c453a494b2e4,US,FL,45
729.04084967320262,741.1650326797386,706.84640522875816,7aa44a4139d6dc6a4093fcc49aab8ba7a567b411,US,FL,45
752.75796178343944,766.0573248407643,761.00636942675158,8df471e32b0f3affdad3cf8c6722711638de5920,US,FL,45
744.5151515151515,761.15151515151513,623.39393939393938,7e4cead0eae520fc1e45fa845f55844194a6ce95,US,FL,45
741.78205128205127,820.0,600.0,63ec103f4b64b7c9abd001927c3402bee88094e9,US,FL,45
738.87912087912093,774.7802197802198,616.1868131868132,eb4b3952f2a9b2f10651a45342e3f940de86ffdd,US,FL,45
689.0454545454545,772.36363636363637,688.36363636363637,28891111b428da1b8a00ffbedee22c44503e44fc,US,FL,45
753.78734622144111,761.76449912126543,744.20035149384887,a49c183933e6fbb8785004747fd2fa0a63cce070,US,FL,45
738.140350877193,738.421052631579,628.9473684210526,8e5dac1ecfc1d377f4f7ca2ecca902751b02b95b,US,FL,45
744.376404494382,751.49438202247188,678.64325842696633,35545f67283269dafc0988e496a8dc7926f4c3e0,US,FL,45
721.634703196347,724.66438356164383,719.73287671232879,58e3c2567ae1b539948bd719f45403678045c52f,US,FL,45
768.47058823529414,784.031862745098,784.031862745098,a4911b4b6609ab012b7400f09e40f862b3bf7989,US,FL,45
727.21917808219177,720.13698630136992,625.20547945205476,c5e1e39f037acc1731770e0f14ce2c944fd710e0,US,FL,45
739.4,720.6,718.4,256d8133e259fa014583aa7c8336a6d4ec38c242,US,FL,45
749.60737179487182,750.161858974359,738.70512820512818,631bc3781dbac5be6c09faaf3ed84b7cceb5287d,US,FL,45
698.60606060606062,825.0,645.0,8be281eff52b9ff4a630a2ea53cf5c461255d0c6,US,FL,45
732.46099290780137,767.12765957446811,713.36170212765956,8fac8002375ef31fca76120f7754469bbe6472f4,US,FL,45
720.82608695652175,740.86956521739125,640.0,dfd169b72753ceb83f8bb87722ea2e5adc9f5703,US,FL,45
693.3415841584158,689.36633663366342,690.0,d9dd388ce58e07791d8954cfca8d666438731fc3,US,FL,45
754.97647058823532,754.7,754.15294117647056,4289a0a09ebe271bc8b6deb94770e82c5183e93c,US,FL,45
677.12643678160919,771.0344827586207,664.48275862068965,c2e405a03be02cd8b001bed5ef497a22f20a29ab,US,FL,45
723.00568181818187,717.34090909090912,666.19886363636363,a069f681b586e8e86315a743743fe44427dfdb94,US,FL,45
748.90625,756.0078125,765.546875,64428d04a69f65b5dda704fb556970b0607da2dc,US,FL,45
741.36538461538464,820.0,640.0,15578fb0e9726f4ff350f678b12f6051e518f30a,US,FL,45
706.52941176470586,798.70588235294122,699.17647058823525,878e1c0e987d3fe5b883d4e6766c9f2bc93d5585,US,FL,45
704.82775119617224,718.055023923445,656.63875598086122,2b063a8f884f8754b1be15c00523a6ba047e43da,US,FL,45
715.14545454545453,789.92727272727268,709.89090909090908,f0400b12dfd3dbf783f1c747099894aeaf1e8574,US,FL,45
734.21739130434787,733.54782608695655,733.07826086956527,450d5b2bcad7afd016299467c746f1d68744ddb6,US,FL,45
764.33333333333337,788.86666666666667,738.86666666666667,5a0815a56ba69e67a93920df15a696ed7fe9078f,US,FL,45
720.77245508982037,740.41616766467064,707.55089820359285,ceab59c32a4df561f62f1c28929397cfdfa8d94b,US,FL,45
712.12820512820508,700.5,700.5,e52fe5ead4d9a3dfa26dbadb02ab8f6d11d0fbab,US,FL,45
735.93,742.58,742.44,76fb8a9929951233af813e66978f2777d66ec50a,US,FL,45
768.57309941520464,670.19298245614038,670.0526315789474,9c692f9c1da290735e303f3d79717751a1be3c91,US,FL,45
741.125,743.51630434782612,732.86413043478262,c12f418da737a77c26043f8e255289afeb04bae9,US,FL,45
672.44615384615383,743.40512820512822,633.06666666666672,c9642946b53adb344a20469d0ef041c500758c7d,US,FL,45
712.93253968253964,753.42857142857144,753.42857142857144,e92fbb0c0542fdf41e8f99c2759c47e9e09f05dd,US,FL,45
718.98148148148152,718.69444444444446,716.16666666666663,0e7add65d540f646fbac6345a0b10c3ed2478d54,US,FL,45
765.61805555555554,778.34722222222217,778.34722222222217,325a749f4c14a4b8eea9b9ff4462e683e8c4ed6f,US,FL,45
676.35294117647061,684.64460784313724,684.64460784313724,2134a61787ff8506a92e9d2f6f5ebed657a104be,US,FL,45
750.63559322033893,763.07203389830511,747.93220338983053,2da71f6e8bffda7ff2b4b374ac2e6ec8b49cf8de,US,FL,45
699.64285714285711,698.563492063492,699.52380952380952,14672b47622776a4b9b7b5d6c05ddc608c62f77d,US,FL,45
695.36754966887418,710.92384105960264,656.03145695364242,2fb7284f2f93c5d760a0dac3c99d3bffb377ef81,US,FL,45
685.10784313725492,699.48039215686276,699.48039215686276,a6dc3a8fab0e9a44059e16ce568c500726abe103,US,FL,45
743.09142857142854,758.62285714285713,678.40571428571434,feb561342cf525b18a152328c05cad264f406da0,US,FL,45
773.36666666666667,790.0,652.0,aeeb3db61f085c229fc7d6ac34ec774943b8cef8,US,FL,45
751.625,759.95833333333337,759.20833333333337,d7f29d204fa690048ceca62fb283201d472d69ac,US,FL,45
759.97674418604652,769.69767441860461,769.69767441860461,dcc44e5dde61c4dbf7f7fca1f55518c200f19ee9,US,FL,45
713.6903914590747,740.64056939501779,720.355871886121,11264abe75ba8d103039f980fd7bb48c0a8f60c3,US,FL,45
683.0,690.35,688.1625,20c2f161ae7a3bcbe26b8f603c1da874f67818eb,US,GA,45
676.35317460317458,674.547619047619,674.547619047619,2e446a2f12c00539d2e18d2cbbb1cf765bf868e1,US,GA,45
720.047619047619,724.66666666666663,724.38095238095241,a7a135a9e421f00562686c842f911dc31f68c9ee,US,GA,45
718.4545454545455,705.73376623376623,699.56493506493507,60752788eed5889c0db07fe395dd7d2c1315d65f,US,GA,45
704.43564356435638,702.71617161716176,698.89108910891093,32bd93c3b597698b24206f3fa781bd923a932f25,US,GA,45
729.9382352941177,749.87058823529412,729.87058823529412,f11066bd2519e9fd4d96599013c76018d263aa14,US,GA,45
711.25,712.87222222222226,712.38333333333333,cd3d501f857deefae2fe1412d210a8c64162ecd6,US,GA,45
708.75,731.0,728.75,f92d58d94b64e250ad5a6afe04f206d415baf576,US,GA,45
696.42857142857144,697.14285714285711,697.14285714285711,256a7c62d03f42086ce68594cfb65ac9508bbb02,US,GA,45
700.59217877094977,703.82122905027938,703.55307262569829,15c01ead6a9d6d782fdaa3971644027ff03517b2,US,GA,45
725.55789473684206,731.46315789473681,730.63684210526321,796f1b6d32c4da1f501cf4c63c3be47ccdbbfc68,US,GA,45
676.80194174757287,679.09708737864082,679.09708737864082,15fcdcac75447bb898d6e923095221a8822eed2c,US,GA,45
680.05,734.35,684.35,4078dbaaf2940eca2c259b5caab54e8bcd481e7f,US,GA,45
724.51960784313724,727.79411764705878,727.77450980392155,243b0166474aefc49fe88dd49d24ca3876c2516b,US,GA,45
720.63414634146341,729.26829268292681,705.92479674796743,1ff29445b1ea316076da79700952722c18734c44,US,GA,45
667.080118694362,704.48071216617211,668.160237388724,8d2a7df18567fe44b0f35078e69fa9518af68dab,US,GA,45
710.9471365638766,716.58590308370049,715.8766519823788,42fbc6c44ea806f34ee095c92bb064df79da1b73,US,GA,45
695.6,692.42777777777781,692.0,f9ddfa19ae543fb45e868a5852aeb90ad93d6f9c,US,GA,45
696.24,766.7,699.54,7578a6cd80a2d6cb88c506c740127e24ec517fde,US,IA,45
617.26086956521738,651.73913043478262,620.56521739130437,0dc204efd93b5f6ee2edd56cff7497a846d52141,US,IA,45
700.40425531914889,765.063829787234,708.41489361702122,a8a880818c48bea1a228fe52df5ad29ab280a3a0,US,IA,45
680.06666666666672,734.5333333333333,684.5333333333333,d902fb7fa42e2535c0f59b6bf5ba3a47527bdaa7,US,ID,45
705.2168674698795,729.54216867469881,709.92771084337346,c8c59e2c156d753e34054336f39fdfdac439d57d,US,IL,45
699.88888888888891,704.49122807017545,689.63742690058484,e1cdec737c8ebbbc5c459d1d696070d72e127134,US,IL,45
699.55555555555554,750.11111111111109,690.11111111111109,b653c6d859826bdbf5c9cd42ee88b59121194377,US,IL,45
695.51941747572812,733.45631067961165,701.65048543689318,42e95cac43e8fdacc75edba6094f58400c8ae534,US,IL,45
683.8735795454545,695.43039772727275,695.43039772727275,7531d1adde829a0f096941e1f287253a49693b11,US,IL,45
741.28205128205127,744.64615384615388,744.30256410256413,ad8f9ad104176207c22f7ad6094eed4f3202eab1,US,IL,45
673.35444947209658,675.74509803921569,673.86274509803923,3f554ae4e46a6c110a5e44189fb36f3b0b1fdcd0,US,IL,45
702.59459459459458,705.03378378378375,704.75675675675677,1fca9ace2acae8d0562cae6ec95d60156edd8052,US,IL,45
696.54838709677415,737.09677419354841,698.38709677419354,e036075908339ed51f43b254a1a546e40c343bc5,US,IL,45
689.32720588235293,742.43014705882354,683.85294117647061,d58490e048617b33c0934a0fa186e776c7cba3ea,US,IL,45
701.28260869565213,754.54347826086962,690.02173913043475,3bea3a3c83b3567adfd64f27b101456a78a006e8,US,IL,45
654.48186528497411,661.33160621761658,648.08808290155446,d867d360a333530e616dd64c37fc3065b87ba4f0,US,IL,45
702.047619047619,701.86813186813185,695.49450549450546,92426e5bcd29712a23d294e808c1618191fe7b44,US,IL,45
702.55742296918766,735.72829131652657,707.08123249299717,f5e52fadcbbad8edd0f2e4741cfa5caaefaebc5a,US,IL,45
659.710407239819,662.71493212669679,662.71493212669679,e9672da205825ad432dce0b924e1d8d97cbd33d6,US,IL,45
716.9655172413793,721.62068965517244,719.37931034482756,eb3e32dc0a16210c60d2f987627463295b2539a0,US,IL,45
673.69458128078816,680.5270935960591,680.37931034482756,4e48db13cc772a1cf172f2fa68f034d416455adb,US,IL,45
744.15025906735752,750.52849740932641,750.38860103626939,506ca5a4e6ba1eb886727714bea09467e1295eab,US,IL,45
676.87096774193549,689.09677419354841,687.16129032258061,c5f239cdcabf506a61cb8241ef450b8a765c5819,US,IL,45
715.15172413793107,600.46896551724137,709.8,a27f411169320396900915a3385b9b9963d17277,US,IL,45
650.92982456140351,660.87719298245611,658.49122807017545,650fa98feb6afd363ae5440ac63dbb0a868dfdbe,US,IL,45
669.9367088607595,684.65822784810132,631.620253164557,1b4edf19d100d5883c155ba85774fce09b2cfe73,US,IL,45
724.09426987061,738.49722735674675,725.0203327171904,e4ae6e58b41153134984dfdc13e948f796f9f3bc,US,IL,45
699.90714285714284,692.96071428571429,692.88571428571424,9f8af94af7cb534d1ad5b6d8617c561173f7e4af,US,IL,45
672.281045751634,672.49836601307186,671.84477124183,f05a673ba4aa208709e24869752a9ad033bc42bc,US,IL,45
713.88970588235293,718.64950980392155,718.64950980392155,c1b4525ab019575afc6b626fc32ae0405b09b610,US,IL,45
642.79816513761466,711.28440366972472,645.80733944954125,4664976819b42af1eee1c8cf95628511ebbf25ad,US,IL,45
671.73114754098356,675.672131147541,671.45245901639339,c4b8eaa4a8d6613027675a58582ef4c696988f11,US,IL,45
674.85294117647061,677.05882352941171,676.70588235294122,96924f9a1b378fd6c1307d7bf0b2fd4bd40ddd08,US,IL,45
692.98322147651,771.54362416107381,695.6375838926175,2b4d6d43c3acb8bd2e9a6201cb302d3d3fc41df7,US,IL,45
708.74820143884892,710.39928057553959,710.05755395683457,a320bfa2cb442b0a99e7d6bc44e1fd763cbde512,US,IL,45
663.3125,735.0,655.0,77b317ace44adab28e9556d02050880344eb9e9b,US,IL,45
717.258064516129,742.5,720.0,6def16a12be190c0208eb4fcff4db6b0b6216146,US,IL,45
670.82666666666671,673.41066666666666,673.41066666666666,c4dc9acfd9d5c42fc5ffb1500830a7c776b9a1d9,US,IL,45
691.66666666666663,695.23809523809518,694.64285714285711,6034448b0078bcc317fdda958029ca66fce7b85d,US,IL,45
676.83333333333337,690.9,681.33333333333337,6c82330046aacc39476758769181b984f1db4bd5,US,IL,45
666.0333333333333,711.06666666666672,666.325,f4332b17269ab140e2a8fa541d770f1eefbe1fb3,US,IL,45
707.47058823529414,715.0,715.0,d2e5368ce1ed90ccd266d284711c85dbaf9ffa7d,US,IL,45
709.81944444444446,708.75,708.75,87a58dcdaeea99700a15cce7a10802decba10bb9,US,IL,45
675.37356321839081,670.37356321839081,670.37356321839081,302c70ef4b8498412004fddfa22fc9d43edef95a,US,IL,45
677.37009803921569,675.0,680.0,874f0ac28173f638824e883ca74d4143ea97235b,US,IL,45
689.050430504305,787.490774907749,688.40467404674041,0de0465635496234e853eb8eb1e8c5537a803b0c,US,IL,45
705.41610738255031,712.493288590604,708.13422818791946,3cd2ff0d2168012ed8fe6dde4805135b960a6eb1,US,IL,45
702.48466257668713,706.32515337423308,705.84049079754607,2ea43b92140aef90ca3a1fd48e6613ca37f6ea6c,US,IL,45
713.01506024096386,725.3373493975904,715.1295180722891,c0a931e0c94a8eea67944bff5f0433f7d59268fd,US,IL,45
703.07462686567169,738.87313432835822,693.02238805970148,43a815b9cfe3fc7b4647347093fbed682e5d14f3,US,IL,45
694.13043478260875,698.19509476031214,692.05016722408027,9ee13c54506bcdd4672b9e8796742492369ccdfe,US,IL,45
686.63333333333333,727.2,690.0,0ae9d16f4f73aaaa3fa62c60168cf35032714a74,US,IL,45
725.87032967032962,729.19340659340662,726.8483516483517,becc1f640fd152fd8642d5cf6179d68270302e07,US,IL,45
736.43137254901956,728.04705882352937,727.66862745098035,5593646381e7accefed8698200f4e605315765a6,US,IL,45
694.09317585301835,689.9212598425197,689.9212598425197,5d5fe3f4762b3e8c126ed1bb4e35a451a7dc2b95,US,IL,45
706.70833333333337,680.375,680.08333333333337,e596522d8d8ce1773897f6414ce5c3393d51c886,US,IL,45
693.69387755102036,694.12244897959181,692.9795918367347,dad5bdb5e294b23bb00163ca51b4b7f726cbd344,US,IL,45
626.73873873873879,733.05405405405406,627.68468468468473,cca85d49f21fa504afc090fd9ec5dfa593bed4f7,US,IL,45
724.70138888888891,781.0,727.66666666666663,98c263de6d49570a36a60f5860b84b315d213163,US,IL,45
696.14925373134326,695.0,701.31343283582089,4c01b68e83be2da26806cced995e356df3df8246,US,IL,45
697.47972972972968,693.32432432432438,692.75675675675677,1e7041a2c26821db8422325c28e53d6409825565,US,IL,45
710.11458333333337,712.0,712.0,013b61967d0a908a06304d5d1e3ccc5a31d53792,US,IL,45
689.95575221238937,715.86725663716811,690.02654867256638,316d8a9f15059252b01cc016b6eb61ada259c021,US,IN,45
694.19512195121956,702.92682926829264,702.92682926829264,123cf0019b6cb5721ed2fa0e49388302e4af9c24,US,IN,45
697.84615384615381,749.79487179487182,700.10256410256409,820fffc9d511facaad65b432e41f16b06e22a6a5,US,IN,45
739.45652173913038,749.54710144927537,727.92572463768113,31c6c7fdc8e188d4421268ccd05ab0d3cf57b9e1,US,IN,45
684.81967213114751,685.311475409836,683.95081967213116,8b646cc54a326ff6d4ee22469ab4e1634f372b8f,US,IN,45
683.39393939393938,700.42424242424238,684.39393939393938,241a5c8f656d4d94251ab8cad951b8f39d471b09,US,IN,45
661.22875816993462,659.26307189542479,657.97549019607845,398c565f3ae274763b51044df2402be6cfc8fb94,US,IN,45
709.52,719.94285714285718,719.94285714285718,bd6e5a3d9603af15ad8b875d45d74c360b0246ed,US,IN,45
672.92708333333337,708.125,670.0,816052dc85a24f759ced473f043fd7f5bbc2a627,US,IN,45
686.88571428571424,700.52380952380952,689.79047619047617,7ad832e00fe973311e781a86da9f8a6fa211deb9,US,IN,45
707.95563139931744,710.58020477815694,710.58020477815694,faf50ca1bb48dfa4f75a3246fa54502d2c581cb7,US,IN,45
685.96,689.94,685.34,75fc13e7c2f42bab23ed497bf1135afe102b6e2a,US,IN,45
686.0,734.25,609.0,d4e7e53060decae0baf25b09eab8669c82c0f72f,US,IN,45
700.0344827586207,700.4655172413793,699.5344827586207,1feef2900ca1f4a1ae172d2edcc3afdbfafd762d,US,IN,45
682.65254237288138,685.84745762711862,685.0,532338f329f9a07b70c6c2e65912221fceafd6b5,US,IN,45
677.47181372549016,672.4914215686274,672.4914215686274,85032b3d18a3dd63eaa5f63c52432e4b99ed9a10,US,KS,45
681.98863636363637,769.56818181818187,669.38636363636363,156d5b478eef9e68f665fd0870c6af83b08af1fb,US,KS,45
717.33333333333337,769.44444444444446,719.08333333333337,0c0f153a1d88e4a3d6ca7225ab0adae23f335e2b,US,KS,45
681.484496124031,704.90310077519382,685.1395348837209,ba9c75c0b5a024a978c31fb8c0ee21d3eecdc9cd,US,KS,45
687.16,730.32,684.72,82e04979b78d9ad616cee8e656bd42b2770ceea8,US,KS,45
715.62109375,730.18098958333337,716.89973958333337,b29c4e6a2f5ee5e3694de66f9d2428e9a25f46f8,US,KS,45
726.69590643274853,730.280701754386,732.38596491228066,f1da246b7718daaa66de5bab21ec64b252196d82,US,KS,45
730.91666666666663,691.94047619047615,676.73809523809518,b63588bbb4436115751c229649b5087e572e3680,US,KS,45
761.21857923497271,765.38797814207646,765.34972677595624,7bb7a4be40d29b9bd7161e78d09dd009318dca32,US,KS,45
666.37164750957857,664.57088122605364,665.22222222222217,0d1996e60b5b6d7e2de621500af5fda1f76ceab3,US,KY,45
690.29069767441865,746.92790697674423,692.74186046511625,559e283a2b877b6b41938f76b5a4331f383d8672,US,KY,45
708.64529914529919,725.38461538461536,710.0,61605adaed8c27748df93a2e3fae351223e169bd,US,KY,45
616.24278846153845,648.85576923076928,637.93269230769226,1cf85a1e4ca7eec0ebec79d0eae33fa2f946e788,US,LA,45
624.50347222222217,649.0,630.0,c6abe9d64dfb35fd2dad3327e765acb18be21cdc,US,LA,45
710.5,715.9,715.9,f4655a151763659aadd41e7c9ac931fa0bd35925,US,LA,45
742.421052631579,798.31578947368416,737.47368421052636,c3cbb02e5de8710345e3a0b401017d55f2e151b2,US,LA,45
706.688995215311,707.8038277511962,702.5502392344498,b56e06cf742b78a636870f1f11f21e45f032f503,US,LA,45
677.31924882629107,684.1056338028169,684.1056338028169,5366bed7577952426203c8a27ccdc08b9e82f408,US,LA,45
739.22440944881885,755.2125984251968,730.992125984252,4cde13fc57304d043c8d4c439486117f4016a4cf,US,LA,45
677.90909090909088,681.09090909090912,679.4545454545455,3175fbf2f2bb2ee648b0bcf6dd38868d8ade3cdc,US,LA,45
724.0,729.42857142857144,690.0,9a246db77694327f1f133065d1d97c2f090a7b89,US,LA,45
708.04084967320262,706.65032679738567,706.65032679738567,3ddb7fe70f0c817b4b1c222dbe5742b3d889a3bb,US,MA,45
704.32,681.024,669.448,8adacd20d4bf16a9c3756fdcf468d98ec2c34fbd,US,MA,45
643.46405228758169,653.30718954248368,645.41176470588232,6029be1dad2d9400ebb503ce73196ba8ff25680f,US,MA,45
721.76067415730336,719.9685393258427,719.9685393258427,ecbdabeca04b5e769eadda41ddcaa9d656026ce1,US,MA,45
703.94680851063833,696.15957446808511,692.81914893617022,4f61cf385a76917e48647c46f8bcf8d521d31204,US,MA,45
679.109756097561,680.03658536585363,679.95121951219517,fd83cd765a1caa96649d6de4439955d048e301a5,US,MA,45
659.58333333333337,750.05555555555554,649.94444444444446,13a898b1beb9f15e2983d093d1028ae9a649e7f5,US,MA,45
678.25,685.07142857142856,684.75,90c1744d531225f3e14073c92c378d96206fcba0,US,MA,45
691.824074074074,664.97222222222217,653.12037037037032,6fb6802ea36688e7424b55924c882042cc802e79,US,MA,45
708.85034013605446,721.19727891156458,698.85714285714289,398327d4720d1612b06e0217c80795695b6a6455,US,MA,45
683.2783505154639,651.139175257732,608.45360824742272,4d8230f8ea9c90533fea42fe53c9e9e9d96c0531,US,MA,45
698.3478260869565,709.82608695652175,708.71739130434787,dd48ed439ce8b1a6cb95bba650bfc3dec3276f23,US,MD,45
745.56034482758616,743.99568965517244,743.99568965517244,d276ba97673b38c15d24337dbf332f0a7b4e141e,US,MD,45
707.360824742268,764.639175257732,713.56701030927832,76015026b196307b184b3904265dfb9b0e5d2415,US,MD,45
697.73255813953483,692.40697674418607,687.17441860465112,1fcaea3de75f78aaa836fa1dc15a548e3477727b,US,MD,45
706.44444444444446,710.83333333333337,709.16666666666663,4daba33a606fd7e545315174b8fc59878f8d9ea9,US,MD,45
716.63888888888891,773.95833333333337,719.83333333333337,1871ca409d9b4be2ed43d479c8dd083948d604df,US,MD,45
673.43661971830988,700.28169014084506,666.74647887323943,8ef63fe151c6922e008e4c2725fc07fa4e6e3601,US,MD,45
667.75409836065569,671.09836065573768,670.0,1450624e9e050c1ca618d1e7abf1bbf23271c6cd,US,MD,45
703.38888888888891,716.02777777777783,703.68055555555554,be7044b75f62d70de2ae1305cbad45971fe29160,US,MD,45
633.2,811.08571428571429,631.08571428571429,6efe0b5debfdedd6b510cde7e9d83f71dbf37a97,US,MD,45
713.61538461538464,713.94230769230774,679.07692307692309,0ed38f13750a6d1311cbf951fa1c6b5746bc12cd,US,MD,45
673.87833827893178,667.67952522255189,667.67952522255189,bd421037f95d75f72b55ca535be5862330d10392,US,MD,45
700.53206650831351,720.63539192399048,717.67814726840857,ebceafe2b3179882062975ab35709d2a270d7bae,US,MD,45
687.59090909090912,691.81818181818187,689.31818181818187,0d0008b5c7a678c70517e93c1692dadf94190122,US,MD,45
700.11428571428576,780.12142857142862,699.39285714285711,5804f41c7b53eef82842c2c33bd30de3c344bd0c,US,MD,45
667.7037037037037,683.97222222222217,683.97222222222217,070fe0a9bb871623567efcf9f88c21db0c0860b3,US,MD,45
722.5336322869955,774.29147982062784,723.98654708520178,8c359fd849bc95de5cf6236454d0334145e6cbf7,US,MD,45
653.72727272727275,685.63636363636363,664.72727272727275,07121588b27cc7345296ec7230c50eb298b03cf1,US,MD,45
675.33093525179856,680.136690647482,679.65467625899282,110ecbea3d139e06253b1e0cf08f441b90c0e3f1,US,MD,45
699.02857142857147,744.02857142857147,698.46285714285716,a0c3064489c3f282820f97a7928e23dd805cc6ad,US,MD,45
663.63742690058484,754.39766081871346,658.30409356725147,f85ce73bc0c5c346b0c466b3cfa058791cfbdc04,US,MI,45
699.12030075187965,753.90977443609017,694.50751879699249,8f332eaa5c70adb82193c0bd911a966f1c4b4911,US,MI,45
688.34594594594591,690.16216216216219,690.03783783783786,7ac01f7c28913499f603677811b05793013cf7b4,US,MI,45
671.2725118483412,673.79383886255926,673.79383886255926,be46ca9c76b5e912acfed73f34f8ef60a735c914,US,MI,45
701.49566724436738,699.62045060658579,699.56325823223574,625fec2439269c34a27e3c6e7fd8edcc956a06c2,US,MI,45
675.63815789473688,802.61842105263156,639.09868421052636,4f888e676196d9128332560f7ae445a10ffefb03,US,MI,45
727.04285714285709,723.71428571428567,723.71428571428567,e6da6bbd02413b8bcce0a5428b6fd39716f4cf71,US,MI,45
692.41414141414145,695.0,695.0,585a0f9096cd79f2316b84fcc4303f610a46cb53,US,MI,45
671.16666666666663,788.0,642.5,8656b8e55fdf04b0532ef05982719201f13bd383,US,MI,45
672.17973856209153,671.10620915032678,669.04248366013076,6aea11a80fe81e53f18a77ad47f831650718c6b2,US,MI,45
689.08,691.42782608695654,691.42782608695654,de39abfb423a252f230efb233026e92719141e45,US,MI,45
687.390625,696.875,689.890625,6f62c2c0250f3b4dba57ccc5aed31b498c67a0ed,US,MI,45
684.13224637681162,681.35507246376812,681.35507246376812,fa7f070c88296c5ce801ddccb2774dcb617364da,US,MI,45
672.640625,675.0,675.0,d9831ac2d1de4e5c7f51ee8ad3d2ab7c5e98b1dd,US,MI,45
695.56756756756761,700.1351351351351,699.94594594594594,faf453da26829f8968af53387b32fc29714ae6a3,US,MI,45
695.013698630137,698.472602739726,698.36986301369859,8001c3bb3a72608c4cac28248e0bb72afa1a4f20,US,MI,45
700.5234375,702.26041666666663,702.26041666666663,512ac9826b9ebdc2ffcb729ac786f9b496afad0f,US,MI,45
664.16666666666663,666.75,664.04166666666663,7d686eccb2364900e82fba4d6d5106bbb0dcd754,US,MI,45
708.8,769.6,719.2,ae814957fe25b80a63d7546da42fd315493d17e9,US,MI,45
683.00302571860811,696.04538577912251,681.39939485627838,efbd194eab2f2388e78c6323eb18f90d4092507f,US,MI,45
724.33333333333337,726.66666666666663,726.66666666666663,fba1c47e53560ed63bf052289a873cadee74eb92,US,MI,45
719.54901960784309,769.76470588235293,719.76470588235293,341b135c75d55f79affe2b9343dd1bfd6d8c7e1a,US,MI,45
685.55,698.0125,688.975,e8c3f02168dd4e5359620748bfae9c6593e0a303,US,MI,45
647.65789473684208,676.59473684210525,647.25263157894733,a777bc92eb2ea63cb0ae35a6737b846d10be82d7,US,MI,45
691.58959537572252,699.64450867052028,696.043352601156,0458fc2f9daefb3a610a9e060b293d463e3a28f6,US,MI,45
700.1,702.20555555555552,702.20555555555552,fa09410d7de8e203e0390288beb3a64063b4939d,US,MI,45
740.11627906976742,745.51162790697674,745.43023255813955,65386a2ef226c3213a2a06140ebee3adfafc2690,US,MI,45
721.892,726.48,726.48,d7f3c0f38fef5da61671e9f39b79650a9dc9877b,US,MI,45
655.515625,662.5546875,650.015625,dc3b9ec6c35ef50654ac0d789a1bd592353790c6,US,MI,45
682.39622641509436,665.98113207547169,665.7358490566038,09f37a110495bb93e50aa3a17a700305f4653dcb,US,MI,45
675.67391304347825,675.39130434782612,675.39130434782612,5647e3e8cd81b96759fbb123f8b6aa53d1b73d81,US,MI,45
709.85191956124311,727.13893967093236,720.96709323583184,32dd57619fd5d28555ee9cb16612db91e0fb8e29,US,MI,45
677.72860635696827,680.79217603911979,680.79217603911979,c6914872b5e016711ec73027024d49db7d5ca8f2,US,MI,45
697.87,686.0,686.0,7d63bda12f85da8a3a64b32c11a93cde4d8e85dd,US,MI,45
679.4140625,698.765625,670.23958333333337,4b69fa1619708c7f65c75d54463ec9a44e2f8aed,US,MI,45
685.27160493827159,688.24074074074076,688.02469135802471,3668a46fe1184af36ecb60665134ae2fb1140f54,US,MI,45
718.86904761904759,768.28571428571433,717.82142857142856,aa6e531f1de86c115f5750818dcff9b4c2ef993a,US,MI,45
648.62711864406776,716.22033898305085,609.77966101694915,77f1af5cd04c1d46fbb7393f8ccba8a461570ad6,US,MI,45
672.30666666666662,675.5333333333333,674.52,0a71e7ff1de8293385c41d1fd7b462e3ff302633,US,MI,45
713.0,785.5,768.0,70c8cf2c579754b675b63794339daaf04f53145e,US,MI,45
673.85271317829461,673.46511627906978,673.37015503875966,4077f10ef446e9a6b0bc2ab849a5c89e0f950baa,US,MI,45
682.44444444444446,685.06944444444446,685.0,d928c9b13f49fcfff261f76e48b6ce49007cb173,US,MI,45
694.94047619047615,723.42857142857144,697.35714285714289,3f38ff31cb9afb1445c29fd25d0418fea60639a3,US,MI,45
694.68872549019613,689.5,689.5,980107a9ba8c828a592d3e319355d8b28ad11859,US,MI,45
674.4,682.0,679.6,8b4e159c93c6e9d64e207196feb42bcdfc47aba8,US,MI,45
690.86699507389164,693.54679802955661,692.26600985221671,f0fc0bf1c61ba8259b1939b10b24ba566c7d37a0,US,MI,45
647.644578313253,824.2168674698795,655.7831325301205,a3ffc2ad25e5821fcc0680f5a9700d88d71a4fb7,US,MN,45
673.67605633802816,680.57042253521126,679.5,5d432d251a60d8408f73a668bd0ecfd56b2c9353,US,MN,45
694.36627906976742,743.703488372093,699.92441860465112,3ef12d6dca6e4b896cc3fa22bd63da2283daf91d,US,MN,45
562.0,756.0,664.0,9163cbf0839f30f0e1a00e64a5ab17417e39e22d,US,MN,45
703.29166666666663,690.81666666666672,690.0916666666667,44c5c7fdab71ea897c87b36ceeb97d4a4987c533,US,MN,45
722.66666666666663,725.21739130434787,725.21739130434787,bb5d70518d81020ed4780a3d285ce980c5bf18aa,US,MN,45
709.43243243243239,755.39639639639643,713.8648648648649,1a0eb539e562fa8c36fe64d8304f37b406bc02d5,US,MN,45
715.67857142857144,720.42857142857144,719.89285714285711,72a631a728f49ac3aa2deaa65a507af059161e4c,US,MN,45
723.80536912751677,724.83221476510062,724.83221476510062,38da7b2ad717b6a314ab324b8b3c22d2eaa0e7f1,US,MN,45
724.46153846153845,791.08717948717947,730.73846153846159,05c3e6faf621d4fc9e55ef6698bdcf262d91abed,US,MN,45
662.06666666666672,717.33333333333337,676.0,e90cf98ef4ac9e2380411b12939159e65ebcd3ba,US,MN,45
690.9545454545455,700.0454545454545,699.90909090909088,855572eb9bf36fb75c43f84306022a1f2cfb076b,US,MN,45
681.17333333333329,693.56,676.62,f5253382d4ea2115db92e4808357ec7085788b87,US,MN,45
717.73333333333335,720.4,720.4,c157005f33ae512ceb8559295c5297cd3ad3557a,US,MN,45
699.13333333333333,695.18055555555554,695.18055555555554,c87ca735d07895d97509b395c499aa495115ade3,US,MN,45
673.33639705882354,674.95772058823525,674.95772058823525,b20abae38c305d0c7a4337f00138a00ae3a27441,US,MN,45
696.2037037037037,712.0,691.21296296296293,637be9da16a20c32069c9c6a8804e4cbfcb4883b,US,MN,45
687.66608996539787,715.50346020761242,686.64532871972324,ab332b55f431448a164f539c26cb16723add0fbc,US,MO,45
726.97241379310344,730.31379310344823,730.77586206896547,b8c3188ef47e355c89489a55ab860648e2ce10a3,US,MO,45
708.86217948717945,743.07692307692309,705.724358974359,ae615c8d81cfae90df3b88a2580c4e0790a2705b,US,MO,45
719.00657894736844,739.73684210526312,720.0,502592fea69572fccefe604b8c4a373a51faece6,US,MO,45
694.28,712.84,698.544,96a5dbc8f7949b0d148116dd357d9133a11e2554,US,MO,45
749.35714285714289,723.92857142857144,720.0,3d854e91c927b9f1dc26ab6b5988f36f1295ecc4,US,MO,45
670.94345238095241,672.82440476190482,672.44345238095241,b093f078d3da5962e6fa6ede6945936542b61847,US,MO,45
623.9375,683.0,630.0,fe6c57644f0569a9a71097c222c3ed68aa2acb7f,US,MO,45
703.68571428571431,711.68571428571431,709.7714285714286,0056cebd6cd72164f185e551f894f028d3d2e319,US,MO,45
704.677927927928,706.35135135135135,706.35135135135135,3cd2db63499875316928c7e3c107390091148615,US,MO,45
728.5,701.5,700.0,3a7398346f608fb342b8a3a8dd9a009462db16a5,US,MO,45
688.09349593495938,660.209349593496,668.54674796747963,acbe515bb8aa4930b56344908261897f017d7664,US,MO,45
687.95945945945948,750.40540540540542,682.59459459459458,e5b85080a00c0adae36402ab376984a5fc2dddf4,US,MO,45
691.92801047120417,728.21858638743458,692.88219895287955,7d41b01463693d16b89ac9965f02bde748168028,US,MO,45
678.0,689.45833333333337,600.0,ff92e38620d615d63d8023ed46308b8b13d84963,US,MO,45
715.15909090909088,761.21212121212125,717.42424242424238,22bcafd2333936cc663b0db4b6452420815fc60a,US,MO,45
711.81818181818187,754.25974025974028,714.37662337662334,a86365fbf4b0fab0c9001394dc2d7920463ef586,US,MO,45
716.59778597785976,747.20295202952025,744.57564575645756,aa624aff12994bcd5c48c658eb9f2ae02df3b02b,US,MO,45
682.28956228956224,709.013468013468,684.15824915824919,5028e280a8514a928d35f2168ed86ea0dfcc1a66,US,MO,45
689.43253968253964,688.75,688.59126984126988,d9f10621c3d46710c25a6921c3f3df4c180c2586,US,MO,45
724.61971830985919,721.46478873239437,721.46478873239437,7ab4bc067e29d8d401e2601fbd3c2d71dd7c1238,US,MO,45
675.87096774193549,728.93548387096769,678.90322580645159,be5dcb1883925a09f503cb49d5bb6d278b28efa1,US,MS,45
703.29084967320262,744.74509803921569,681.85294117647061,9ecfff8a196424ef9e7409a9f04ddcb676c4866a,US,MS,45
684.0,739.25,689.25,7b769899bc689de5cfba52912b76b4ad782234b5,US,MS,45
709.56666666666672,710.9666666666667,640.0,5c989833a054cdd22f8d91078954fc33548cefb7,US,MS,45
718.90756302521,780.2100840336135,719.15966386554624,3e35e2d37f16eb3b72b2cbb145e6ed964ce01ca4,US,MT,45
704.33333333333337,723.0,707.66666666666663,bbc0d748de67c33d4c70a501da752924a90777ee,US,MT,45
746.1872340425532,797.62978723404251,741.47234042553191,d1954a5f5619909e65518053987f1f8ee8ea071d,US,NC,45
651.62745098039215,651.13725490196077,642.27941176470586,9b88fb42470a91f1b35cecd972c39790d7c98b36,US,NC,45
625.55743243243239,657.972972972973,626.52477477477476,ccfe6b4d039fc678a37e8aaed9afdb1daa875a82,US,NC,45
668.48148148148152,679.25925925925924,670.574074074074,cc229476854c73b582f675278138537e884a2e9c,US,NC,45
703.457399103139,713.2690582959641,687.26008968609869,41a6852f9081a078efcfb8f09415b5f0206159d4,US,NC,45
702.0,704.53431372549016,704.52450980392155,619ef885de6198bce2141ac49b0924110587789a,US,NC,45
684.97777777777776,792.82222222222219,622.26666666666665,dcfae6167851b1945cc26d51b48be39789a9b655,US,NC,45
688.17656765676566,687.085808580858,687.085808580858,026c81c54bc3afdd2b6a478d7532353b37c5d547,US,NC,45
668.66666666666663,785.78571428571433,657.14285714285711,57a8f8e5aa42b482cfe6b802bceb4260e99cf591,US,NC,45
668.78125,666.84375,666.84375,d8f107ae59b9dd15dc59d1ae10423b74b761e5c2,US,NC,45
715.64236111111109,732.5,717.91666666666663,87a1af61fb8d255e584154f1893d7c15b5b23087,US,NC,45
649.26960784313724,651.0,650.0,f16fd68ff7fbe33d4cdf705b3a25165ca08f02e4,US,NC,45
718.484375,721.609375,718.828125,af1a96ab4a3898174bee57a0c7e18f310081a60f,US,NC,45
652.66666666666663,709.66666666666663,659.66666666666663,4d72ace2c21ce99ca1152de1cec7be2eed994f15,US,NC,45
649.43352601156073,735.52601156069363,650.456647398844,468eabf405d23bea1799157122ba6b30a470b033,US,NC,45
720.27918781725884,726.31472081218271,725.736040609137,6337ee11277268f11271380e72452810e8b1474e,US,NC,45
686.33333333333337,775.33333333333337,666.33333333333337,135128ae5f3e7678e217ddd8f157583eefb17e9e,US,NC,45
728.64864864864865,740.09459459459458,739.82432432432438,3e1895a4447b3d22741a2a18a91fa946c1562773,US,ND,45
709.18181818181813,715.4545454545455,715.4545454545455,ec70af4242943bd69f335cb2f530b1ffd36a4aad,US,NH,45
692.70149253731347,707.79104477611941,707.49253731343288,7c5b76e2d96511a69288fe7b8983bd0560491156,US,NH,45
715.23809523809518,734.43137254901956,705.69187675070032,861b2c355cc774cde2c8dfd87633e670a27e146b,US,NJ,45
654.05785123966939,666.25619834710744,650.95867768595042,4f7063cf32394a33b447de158c1cfb8369eb6a06,US,NJ,45
712.85114503816794,711.03053435114509,711.03053435114509,f32fafb6bca4801d466704133127d0bbaa69f28a,US,NJ,45
672.82507288629733,670.37026239067052,667.265306122449,34a96373e247a125008f0a3087c5d050b953d457,US,NJ,45
710.44097222222217,713.46180555555554,713.46180555555554,a78bd55a933048392af67c80bda6aef72ebabd2e,US,NJ,45
687.52760736196319,689.81595092024543,689.319018404908,e7977468e2cf1bcf46952a55fdfdddaa04a5d8dd,US,NJ,45
679.25280898876406,727.98314606741576,679.9606741573034,af6ce400210334f6497363336c04553e89cc33a2,US,NJ,45
734.89980732177264,736.66281310211946,736.57225433526014,826dc664f7fd0a817bc404220a1229bc10e74161,US,NJ,45
708.076,727.594,707.348,3b876df5bdf5bd7dd9f30e1c2412c34fd2c4eb62,US,NJ,45
637.375,650.875,644.75,3f45b413c230ea3efd29349dc74bd255dc2efa47,US,NJ,45
652.73684210526312,720.40131578947364,661.97368421052636,b7037f819f06d213e9a2543db11fb52183b972e7,US,NJ,45
696.352,696.35333333333335,696.35333333333335,0735fd45c22def7a595e22134db926c8bc02d5c9,US,NJ,45
727.0,789.83333333333337,733.72222222222217,9ed665a2f3b6c3b73a22e5912e0be9e3734dbf3d,US,NJ,45
730.51273885350315,733.312101910828,733.312101910828,60e289b46106ea8fd372146c81076e7fae2ad969,US,NJ,45
658.2037037037037,678.88888888888891,653.4537037037037,a833d03a96303490342dda442128be256f535d11,US,NJ,45
653.375,767.5,657.5,060b144e625e168758e356abc80363c864f1f91f,US,NJ,45
704.83333333333337,700.44444444444446,699.66666666666663,a974468524773e75f7dbd9ac7af00df1bade277f,US,NJ,45
733.25925925925924,779.52777777777783,729.52777777777783,a56d9a9ca4e57468d79fd6db450d9a3ab47a89e7,US,NM,45
656.99401197604789,668.97005988023955,657.45209580838321,9ca5956e29378b84ce27316416b2df1591697adf,US,NM,45
711.17948717948718,743.85470085470081,704.0598290598291,482f74a48aae0d657fcd576f99ac50113cba86a4,US,NM,45
653.75,732.0,651.0,c43b163a045f3188c106caa36e6bcdab21b77d2e,US,NM,45
708.125,720.75,719.625,736db72271fbedb17454a570857eef33e1ec0702,US,NM,45
673.65765765765764,675.45045045045049,674.7882882882883,5d871d8822964542aa8f76ec6a8ac4f44e3f2140,US,NV,45
748.83870967741939,779.34516129032261,740.77096774193546,89ad9d084d5fe281085869d26772df77607ea39a,US,NV,45
707.16666666666663,723.11458333333337,722.02083333333337,7e143949af91dcc8b7fefe0a72c82b6ff922eb2c,US,NV,45
717.88596491228066,775.26315789473688,713.15789473684208,b773c70ea9b8815c1baff1bf4f0696d6e7e3abd5,US,NV,45
775.50737463126848,776.02064896755167,775.929203539823,bbf8ecacbd388e91d3e0b3007480605b2c664e95,US,NV,45
702.63725490196077,709.82352941176475,704.61764705882354,d14f097fb3d37bdd4ad8b9e5a142e94f2416abcd,US,NY,45
677.111821086262,679.93610223642168,679.93610223642168,2c6d6f9d0e56df77065c4b97d40dc0492eb006bd,US,NY,45
721.593837535014,739.83753501400565,718.77310924369749,ffb2e05ac5e004ce171be4cfdd44498227d90db8,US,NY,45
675.795918367347,739.09523809523807,678.14285714285711,922c3d213740932809206ef4d5d73a65ffdc5464,US,NY,45
657.61224489795916,650.07755102040812,648.37142857142862,5f01a48ddc5363f2c236fd22c2622790f6075bb4,US,NY,45
669.04918032786884,672.63606557377045,672.04262295081969,6d80824e9f06fd013934ceb0f7f8ff92e75e3c80,US,NY,45
686.92307692307691,739.84615384615381,620.30769230769226,38311cbd2f96374bd5e904578b968fb46ea48d23,US,NY,45
719.2320261437909,722.14705882352939,722.14705882352939,eb7e775c6c179d337047d1e31d760ec1f96f8354,US,NY,45
704.60185185185185,704.7962962962963,703.73148148148152,4997b229453f905bd487a3f127652ce94b08240f,US,NY,45
717.27287581699352,714.92810457516339,714.92810457516339,ffac8c736a7d77c718747fc8eec9a847103d077f,US,NY,45
731.02777777777783,740.22222222222217,739.66666666666663,4a0207dd84dc0b1dcfc7c6c1764af88e5c49ddc2,US,NY,45
686.14251207729467,730.72463768115938,685.072463768116,7b42244ec36518458d896ed446eb8905dea82229,US,NY,45
677.6,758.36,673.05333333333328,3c20ed17fbccbdf830f502536a2d0af4f5a36b84,US,NY,45
700.57264957264954,715.38461538461536,701.025641025641,3cf0c3e1273d703cbbb0b0155df43a9bbc77d2d2,US,NY,45
707.84422110552759,751.1758793969849,712.59798994974869,07e617600f98683e814f3b4fdb46712eea76b3b2,US,NY,45
707.82296650717706,710.2966507177033,709.79425837320571,c08f52a8f10055843fa357938e9bbec069a6441c,US,NY,45
687.19047619047615,692.42857142857144,688.66666666666663,2b9567c12a2cdeafc053de663e51f4e9e38b0593,US,NY,45
754.44940476190482,758.27083333333337,756.39880952380952,e867a176f19493554e358b8baad7a62aa3ff34a5,US,NY,45
667.11967213114758,682.26885245901644,663.77704918032782,331037e6ba40b96e3f6e80e4ac37a2cfeecefad8,US,NY,45
688.795,687.79333333333329,687.79333333333329,31a14eb3f98d6b45d623e8a5eae277fe448792af,US,OH,45
682.0140845070423,747.26760563380287,663.056338028169,016e7f0b54c10c0156112e069c90dedec6be0afa,US,OH,45
669.46428571428567,789.0,669.0,6b347cac75b760dfbc548b3275b0e5ba24d3ce37,US,OH,45
693.81481481481478,691.574074074074,691.25925925925924,fa7fde9e95415677ad03146023cc6fdd41b19618,US,OH,45
740.843537414966,732.07482993197277,732.0204081632653,9bdef06c0211e6145103c2ab29940c305483bb4b,US,OH,45
685.15170278637765,683.73684210526312,683.33436532507744,6d80ed7f46f18dff1aa4bb73be4b7061c2774827,US,OH,45
742.72687224669608,696.193832599119,703.762114537445,14863887505ac341a36c85a9283e9e2b0b8c48b9,US,OH,45
701.17391304347825,715.44099378881992,699.776397515528,fec504f45d44ded4ff359b64d2bb70a1a019f345,US,OH,45
725.45,725.25,723.33333333333337,8fe3c35675dc7fe1b36558bbe82df93190d60133,US,OH,45
718.58415841584156,727.55445544554459,732.059405940594,cde19af2e06187e175ad4b64b56d5fb27ae1f905,US,OH,45
664.43934426229509,665.04426229508192,665.04426229508192,f787aada7d5efa6fd8e40a416ff527e135d99374,US,OH,45
671.809405940594,674.950495049505,674.950495049505,2021a6989e0d6f63ea78ffb1f52585c5fa7cb499,US,OH,45
703.41911764705878,705.0,705.0,561a6eb070b0d33db7a47796f124d924209c2e56,US,OH,45
696.48773841961849,701.38692098092645,701.07084468664846,0b2601e1c748e23bddde9cd90cc4b4f1bed7287a,US,OH,45
666.14381270903,671.88294314381267,669.40133779264215,7d27e55f147be85f27ba3d51bf8ad10740643375,US,OH,45
685.79310344827582,688.551724137931,688.551724137931,590d8415ac698a833c19aebb8825d919a218d6d1,US,OH,45
683.560606060606,690.90909090909088,680.0,22d17a476a66524a64b1e23af69b3afd817dbcb4,US,OH,45
689.36363636363637,690.05303030303025,689.77272727272725,f4ac8fa18c8a3b2b7ec5610d82a83baa00630faf,US,OH,45
658.5,677.0,659.0,aa99871eaeeaf2866673d053f8a1d92834814559,US,OH,45
724.57843137254906,725.10294117647061,725.10294117647061,9d8378dd1628407a14711370c96a83750458ba2b,US,OH,45
681.36397058823525,738.91666666666663,683.91666666666663,921f69e62f95da37485f02d1db7a7eb0589421b6,US,OH,45
767.51418439716315,790.0,770.0,d50a991159bd133759a8730af11b9b89a7aaab9b,US,OH,45
689.75,761.14772727272725,684.875,38fc5939e864ed996377afcf085353b6f21992d0,US,OH,45
639.59210526315792,711.93421052631584,640.81578947368416,06739d1d6e12d6d3f3c290d5249ea1c603297a3d,US,OH,45
729.736559139785,734.61827956989248,729.73118279569894,c3fec52671f23ae69a19487c50b6e0e608db5141,US,OH,45
641.92063492063494,611.67063492063494,642.26190476190482,d7649346124b5dd0a5de83cc0c8fafbd283c460c,US,OH,45
692.59375,688.0,688.0,5c18c1afe5b49d03bc05da5749b37d328acf6b2d,US,OH,45
757.07692307692309,770.38461538461536,767.69230769230774,be160ad47e2225e5a250ebd067fef02a79bf5dc8,US,OH,41
694.98876404494376,751.74157303370782,697.84269662921349,c98642d2bc7238c39f75c05f2690e19c868c5d88,US,OH,45
704.76470588235293,720.94117647058829,710.91176470588232,e9434293bb753bf98949f49ff7c196650f311ccb,US,OH,45
671.70833333333337,652.83333333333337,651.04166666666663,f1a4cddd112ad1023142833ad890be5ccb2de26c,US,OH,45
719.9202898550725,819.56521739130437,722.17391304347825,2db8aeda4fc074bd33e739db739532434ade56da,US,OH,45
717.24019607843138,743.13725490196077,720.00490196078431,02e3352f39c5b9a50dab5fbf5997a6d3672d7296,US,OH,45
682.54166666666663,729.66666666666663,691.125,e3744b8d0af2eb766615027e418c08d599dc5353,US,OH,45
696.25,697.859756097561,697.63414634146341,030190f34f971c81f2b61a26de5be0792e21813c,US,OH,45
688.22385620915031,688.04575163398692,688.04575163398692,3db1cb1a11b710f7cce2bc459cb6183ed5954dab,US,OK,45
696.693641618497,690.78612716763007,690.78612716763007,84b4dfdb81403b885b7af0e6ce6b3ccbdf3a6827,US,OK,45
731.12454212454213,734.83516483516485,734.5677655677656,bb1434eeba7cb4f64db9ba714544a01b1004ee01,US,OK,45
697.85245901639348,706.67622950819668,696.70081967213116,c96661e9a41e973842d362c86b6bf1e4dc8840be,US,OK,45
692.01190476190482,699.57142857142856,696.0,6f48fa95e0c62b46578844c44e4e836ec0ebc854,US,OK,45
697.63990267639906,693.35766423357666,693.35766423357666,eb5677afd374f64a8f559a195eb558b9d8525977,US,OK,45
677.45205479452056,664.2465753424658,664.2465753424658,42a0754f61b61dfde9be614dfedf577fcb04d713,US,OK,45
697.83333333333337,790.0,700.0,aecb8dc2113245f644db989cce09b48604bb1a67,US,OK,45
688.81481481481478,697.06944444444446,697.06944444444446,e022577714744a916c2693762aa7949d1d258b59,US,OK,45
734.3,720.6,670.6,37e3cd6dd66b245971345009b5cbb75a8de2b701,US,OK,45
728.15966386554624,725.97478991596643,726.61764705882354,8405785b8a34700715a76e625a773d3179865e41,US,OK,45
677.375,727.375,725.375,8bb8c70ac535cf3f4e2be5c11b8ba69195d28b24,US,OK,45
714.24242424242425,717.969696969697,717.66666666666663,c32bbf076121ef7c9c383fccdc19b4a36cbc55b0,US,OR,45
722.75,741.84722222222217,741.80555555555554,1d140a350f37fdead10b3da0e70ced60eab386ba,US,OR,45
671.375,817.75,726.25,725a7f23540966149f019ff673090450938fe482,US,OR,45
653.33628318584067,650.80530973451323,613.2389380530974,cbc5ebb5bcc1355136d6d84c1b79fb8f5481b57f,US,OR,45
666.93589743589746,775.89743589743591,669.00641025641028,ca5c3704071a92e103a1aa6dbc5630918d451cc2,US,OR,45
686.91591591591589,717.48648648648646,696.87687687687685,9a27819eb251a57e191d818b780c2215178098a7,US,OR,45
697.84219269102994,697.44186046511629,668.546511627907,30d15b234d4c9f3047da62a124bc96b4536a48fe,US,PA,45
700.08571428571429,685.65714285714284,685.5333333333333,4633cba2a63cae85ffbffc477f7f1884dba941ec,US,PA,45
692.81984036488029,744.84378563283917,694.69669327252,8aa4f1f6d9856415de18e3f48652137c584bbb7a,US,PA,45
699.11904761904759,695.952380952381,695.11904761904759,72d9c0bae061259245a0dbaef08eae834fd330b3,US,PA,45
616.91623036649219,679.92670157068062,619.96335078534037,83f056a8e8ce0ccabc6514909e4f80b160aec6df,US,PA,45
705.36097560975611,795.96585365853662,659.34146341463418,8d94ad24dad4229084233ceb3af772c20317d872,US,PA,45
658.2136363636364,659.33030303030307,659.33030303030307,7159eab37ae4eca01f809357d82bbe38eabe016b,US,PA,45
736.5,773.0,701.92857142857144,cd1188ba5ead7eda0d405206638b0be42f47ca7e,US,PA,45
686.02777777777783,770.52083333333337,688.0625,fb54c72523324eb5ee028017672f399346bed149,US,PA,45
702.375,705.9875,705.325,292e722054889389f84427616b6d94d7e6a068b3,US,PA,45
725.31182795698919,708.06451612903231,694.35483870967744,886081d28f1e13bfb9af4845e24ed2f4fd311d39,US,PA,45
632.91666666666663,629.15625,629.15625,98966ffe3dfb7b5f985d1c90a1e8cd5a70d7c663,US,PA,45
701.08695652173913,700.13043478260875,699.82608695652175,abc90e5fa0be30b4c8414e16fda3250e97881ddd,US,PA,45
714.75625,727.04375,719.53125,bf0dc2e94cbe677f88540d9df1f63407a1a715a1,US,PA,45
696.44258064516134,702.443870967742,702.443870967742,8e3fdb50bb87b7ae4ce61fb5a670ca38395f4889,US,PA,45
625.60315670800446,655.20067643742959,644.11386696730551,c6c194638b6d7ace3a0fd75d72dcb447b390e59d,US,PA,45
660.87373737373741,724.00505050505046,661.469696969697,f5ec5a8c418b5fae28c1d2a659b6e11580850bc2,US,PA,45
639.5,788.0,662.0,422e0d967901dbb0b459b4c8f71a5f3234b1048e,US,PA,45
710.53571428571433,716.91666666666663,716.10714285714289,4ceb3945d9ac4d554b9db7c4f4748efbe955a2b6,US,RI,45
652.077380952381,654.28571428571433,654.28571428571433,22166e07bdf3c1acc3bcd194f1dcf29e81bf9518,US,RI,45
692.82456140350882,745.0,695.0,2557b8b7e3605728bc6a2e93d8f9e088553cc679,US,SC,45
686.70155902004456,692.21380846325167,690.81069042316255,8929c0c5f09a398e0d53aa8f36d965089e27c6f8,US,SC,45
682.478021978022,722.20879120879124,672.04945054945051,8d0203eb7a7f15c7859bfd25161a193a23c65a0f,US,SC,45
707.50176056338023,765.262323943662,708.67957746478874,ab714a504d79207b490735893f087499fb28ba1e,US,SC,45
672.36607142857144,672.67857142857144,672.67857142857144,06d8e8f72cb6ada7797dabe568a514f1b9cca432,US,SC,45
698.23015873015868,704.86772486772486,704.86772486772486,9f868d8e4533c1a195890008611e3c68ef3ced43,US,SC,45
692.1141552511416,733.83561643835617,695.47945205479448,30a50f3df07d56b578fdf38b93291e6860f389ad,US,SD,45
699.24264705882354,698.93137254901956,698.93137254901956,30c9b455802f58170c2be006aab99c5c41a05977,US,SD,45
688.5935483870968,736.38064516129032,690.35161290322583,f5eeadc778a843ea74aa690f2b2075dc758fa0a1,US,TN,45
678.93392070484583,685.69162995594718,681.74889867841409,d9cd99e149046713c8e1406d9b2cfdc38a599490,US,TN,45
658.38235294117646,669.75490196078431,659.75490196078431,da4f72cc7f12a901d9dc7c9208f8ca8c35548edb,US,TN,45
716.16417910447763,765.31343283582089,717.31343283582089,40f9007bf2bfd0ee2c6d1bf635c6b90b9bf7c158,US,TN,45
728.96052631578948,744.561403508772,731.06578947368416,528c0dfb24ca4534e6a786c743a2ddf85f47d00e,US,TX,45
747.84210526315792,752.36842105263156,702.36842105263156,1d550ae5d78d6bd15460094502bd1078f6504716,US,TX,45
707.6565656565657,745.070707070707,695.0,4ecbfdfcc8a2f5b5c38a2b1a0d43200c9930dba7,US,TX,45
711.11057108140949,771.98055893074115,703.35479951397326,dea829636f29c0a10b6e939bf72c501426b341a6,US,TX,45
710.468253968254,729.85079365079366,700.51746031746029,cec7198d9ffd25aa271e523c5b2d24a3b1bd4834,US,TX,45
708.53924050632907,729.26329113924055,703.979746835443,9a54b82ad8c901766ae823d56fb2c260a7354fc7,US,TX,45
741.13592233009706,763.40776699029129,763.23300970873788,ac11e76f03a15ad34022da8e22eba1ad67b44097,US,TX,45
739.858552631579,747.63815789473688,729.625,c3c3332279d205c80f7d08aa1646f076d0db5258,US,TX,45
730.202846975089,728.47093712930007,728.81257413997628,df958255142faab80918c066c2b509237c7117f2,US,TX,45
699.11111111111109,703.33333333333337,697.33333333333337,16edf3ff3cd2ba7b52e00a8d95dd3411d79aba40,US,TX,44
720.54444444444448,772.27777777777783,695.5,529945009503a5bf19d17b54c6478d964e3c0062,US,TX,45
717.14117647058822,770.5411764705882,702.90117647058821,b4f2db6d9c2c90f4ad65c36e86e56b9bcd959941,US,TX,45
736.32460732984293,762.51832460732987,737.23036649214657,2b1a2ad072615a013ca2de68302b2317445b61b5,US,TX,45
749.89814814814815,786.47685185185185,747.58796296296293,ef147bc193c1d327d3787f2705356381a4416323,US,TX,45
719.7294117647059,776.1725490196078,713.23137254901962,aa0f5e6c4fba75c7b6343b8f9bfe728834d4f638,US,TX,45
720.04666666666662,712.77,712.74833333333333,c23b8c5c39220dcf662737775e90fe8cbc4d322d,US,TX,45
735.01194029850751,721.79104477611941,721.60895522388057,b939a861987cf626cb56ca3ae81c5f2006fb0e7a,US,TX,45
722.41353383458647,776.203007518797,726.203007518797,01707848affa8430b849d63a29c10e23a2d68380,US,TX,45
678.76046511627908,795.193023255814,676.66744186046515,cea1edeef147cf3a1f373f9a6a44ca60ea4fc749,US,TX,45
704.875,775.0,675.0,6a17e7515cec49dfecef83877d494e709b084888,US,TX,45
723.26699834162525,722.04809286898842,721.70480928689881,8ecb616bf6821e132e3add503abbaed891c768c1,US,TX,45
702.74157303370782,721.77528089887642,710.7303370786517,615c0c18f398a17bea11468d29d746a04a8f6626,US,TX,45
688.6,749.7,684.1,859b711eef2dfe9c8b5e7942080b4d9aaac90210,US,TX,45
708.66666666666663,768.66666666666663,718.66666666666663,c2aed15718c11bcf14c9aa5d334133797d2259a4,US,TX,45
706.00980392156862,755.0,680.0,72d7f63d23cc366bbc8d1d998b89c77e4d51388e,US,TX,45
723.39682539682542,717.936507936508,717.936507936508,fc1e122df5238b1473465f80c7ee3539590161ba,US,TX,45
722.84887005649716,789.57627118644064,719.75564971751407,5c1332d5bf51ad5fe952bee1f880ecd358fec34b,US,TX,45
677.0454545454545,729.9848484848485,679.9848484848485,e89f79aa6d7a2810ef91c85dfda1fb32003d4500,US,TX,45
713.5,715.0,715.0,0c5cfa9a152e6e72bd9e3e60b153a42a91f342b1,US,TX,45
705.40973630831638,705.47667342799184,705.35496957403655,43c844ccdcd37a58a8b071f127bf6a57637ca4c4,US,TX,45
694.07142857142856,745.31607142857138,689.1464285714286,bb512c58b2dbd7ab54fe5f58e1e4c744913d346b,US,TX,45
691.295652173913,733.91304347826087,694.42173913043473,f2affbbb8f58bdb486bcc21eae7c3bb9e04cda3e,US,TX,45
738.8,838.73333333333335,643.16666666666663,32ccb74fa7bfa5df92bfde34d014873d7410ec45,US,TX,45
763.07009345794393,766.56542056074761,766.47196261682245,1013a671b6dfa9241bf88ee911fd26f293f806d4,US,TX,45
684.46317512274959,703.37152209492638,663.30605564648113,4652be88b1af3c33775e7788ec974954d6cdc8e1,US,TX,45
689.11224489795916,680.22448979591832,662.36734693877554,9b97935f505b9303295bc7db1f35010cd47600a0,US,TX,45
712.23706896551721,756.573275862069,702.66594827586209,dbf95871bf7465bad553a4c4ed90dfbecf625e8e,US,TX,45
688.73458904109589,688.55308219178085,688.45034246575347,6b1d21073e0c5306d3d171f4d97b6e174e89e616,US,TX,45
694.17948717948718,687.28205128205127,687.0512820512821,e8d003af9b36ab0bd57d17524e01336b794b37f7,US,TX,45
724.31666666666672,729.9,729.2,8015104202879b8a9c401a34b8aa768b5c50eb9e,US,TX,45
680.07468123861565,757.431693989071,682.41712204007285,7a0e15fb70f777a98dd783e05a1dfed279499bae,US,TX,45
676.14201183431953,726.301775147929,676.301775147929,131e07bbc948d1f330acd0fd0ee0cc7967319a89,US,TX,45
711.14093959731542,741.31543624161077,741.13422818791946,76c0c2af2ff04e86cdcb00db4dbd0f2174ef9a6a,US,TX,45
746.979797979798,779.06313131313129,729.05555555555554,80c943d606d55dfa8a1ad56cd6c0a26c15a5dc4a,US,TX,45
659.28426395939084,662.23350253807109,662.23350253807109,add79ffe57cc44ca1cbc4ca05a3a6a0ef333784c,US,TX,45
731.395061728395,736.0,735.58024691358025,cae39664193e27b838c99d29b73930872a058cc7,US,TX,45
668.0,766.90625,640.73958333333337,b7cac0c0112048ef82d2f2cf09b9c160689d1a7a,US,TX,45
699.1875,774.26388888888891,685.89583333333337,31a0e37b1ba21a718530e46782bdfa65da6b163f,US,TX,45
726.35238095238094,739.3047619047619,662.7714285714286,5532dea4594b787b94bb976f4a3338f25f822115,US,TX,45
707.965,723.49333333333334,697.945,a9ef76bb30329b785111f4fa89f4a61ae0256fef,US,TX,45
701.81034482758616,748.801724137931,701.41379310344826,17f26743714d80f12d9ac68198c903b5a6d08c7d,US,TX,45
686.03846153846155,760.53846153846155,670.26923076923072,b9d92263cb88e4aef3e3255d4bb7b1652f512271,US,TX,45
706.63636363636363,760.44155844155841,700.974025974026,ce835130a9cb8ae686c924be8270e9cb200d509c,US,UT,45
679.70987654320993,682.074074074074,682.074074074074,82a26a3ab91a3bef5fa0ec608473dfa934cdcfd2,US,UT,45
691.62437395659435,693.31552587646081,693.17195325542571,55f8fdda7ccd81f20a27860e8d80cbc880211074,US,UT,45
709.89371980676333,712.207729468599,713.36714975845416,9414fbe30b0cbb6a05245c200ea91ae60f3edbb0,US,UT,45
719.93723849372384,703.70711297071125,703.64853556485355,55aae764454f3e77c27670c751963cb37087743a,US,UT,45
725.25233644859816,732.76635514018687,731.50467289719631,6c8ccc454fe5180bedd0a263d7e8510154a093ea,US,UT,45
679.26315789473688,752.63157894736844,674.68421052631584,3f21c55a83dfba1cfc4320a68c9c2bb5cb58a4ac,US,UT,45
689.92957746478874,701.47183098591552,697.73943661971828,4975c176f3665ffdcc121c321f46bcd52fcb8972,US,UT,45
702.13494809688586,730.91003460207617,703.84775086505192,00c5ee12719f2bf4360b90a0f70e1b0580488c22,US,UT,45
631.52380952380952,765.71428571428567,636.85714285714289,9b73220db82fef031b138be3c7e07f0a5417d8dc,US,UT,45
690.99509803921569,686.66666666666663,686.66666666666663,d9f5d5d39256310061a7459b34b7691415620b11,US,UT,45
703.10769230769233,767.04615384615386,683.07692307692309,f628f2eec828296733219de9c33c9fb3c559d093,US,UT,45
686.180811808118,689.55166051660512,687.74538745387451,35a249816c10f3ce4e9cb67f6b6b5bd7f849ca82,US,UT,45
697.0,793.66666666666663,697.33333333333337,ce38fafbc425b5069c4dcdbe9a0256003d7cb70d,US,VA,45
703.268115942029,698.927536231884,698.44927536231887,914453cd0075521efe5fe3c2e2a66927e364b54f,US,VA,45
704.71161048689135,766.123595505618,706.123595505618,0b7e50f090e52a6160fed4965e42e267f791c80e,US,VA,45
686.81927710843377,745.88554216867465,667.70481927710841,b198e899439a80633af4a94a21c15ec66ac013b9,US,VA,45
726.65410958904113,776.50684931506851,726.50684931506851,cc5c2444ff2b8384c32a57708c64881a38729c2d,US,VA,45
686.97029702970292,701.96204620462049,685.60396039603961,e5f3ec818fda9c06783dd1bbd268befa0758420f,US,VA,45
674.01960784313724,680.82352941176475,679.86274509803923,66e1ca7129db265eda9b0da66ffc31cf12b78547,US,VA,45
684.88095238095241,682.68707482993193,682.68707482993193,d62fd722a593ca63bbc66753d5a4dd63a078acf5,US,VA,45
667.97368421052636,662.60526315789468,658.78947368421052,03552ddfa4bfb89289549afef9e5f3485ef7133a,US,VA,45
721.425925925926,743.33333333333337,641.85185185185185,7ca5c2ee4f7ca7385250245b9d04d00429fa4099,US,VA,45
689.70098039215691,692.5,692.5,3bfc609fddce5c756ffbed16a80f2e3d7ed3651a,US,VA,45
686.68087855297154,686.3824289405685,686.3824289405685,8f1b94227d91c3e4fafdc1da914a284e8dfdcfe3,US,VA,45
703.77892030848329,707.28277634961444,707.20822622107971,8bc56316d0f38cc2064897529922953523c98d35,US,VA,45
720.45161290322585,737.95161290322585,737.40322580645159,cd5931fb9891e125a2346facf34d62077409692a,US,VA,45
682.62068965517244,715.79310344827582,683.37931034482756,f2a952f201aeab8d2c06a6bdf6e9463fb8163f8f,US,VA,45
703.57142857142856,714.78571428571433,714.57142857142856,d4ebfd65c77ed60beaf46be8adc0e29471f65190,US,VA,45
695.98809523809518,729.5,695.71428571428567,d464da8a612a1f9b116ffc67e19a7fdf9816fc7e,US,VA,45
749.39548022598865,789.56497175141249,746.69491525423734,207775f6cddd4531278d3c7139c25a122ab1fa7e,US,VA,45
727.169133192389,731.88477801268493,728.32029598308668,da66459c69d7b3e70a23b507465fec3322a0fbe2,US,VA,45
699.15463917525778,721.2268041237113,690.4948453608248,e84a24098fb1def7b096b201d186669b51b17661,US,VA,45
688.5244956772334,691.56484149855908,691.52737752161386,f69e9d21048336ec727333b796a873b27682eb35,US,VT,45
666.53846153846155,687.30769230769226,684.61538461538464,8b4bd42da72eadfeaeeda62605fde4d7c1dd58aa,US,VT,45
684.24672489082968,750.617903930131,685.88864628820966,73c52f437a587e6f65463efa02c927e9df752588,US,WA,45
717.5512820512821,720.38461538461536,719.73076923076928,cecbff539670267f252fde9722831e0d0293a4db,US,WA,45
704.29850746268653,734.50746268656712,698.07462686567169,8b0de0b37cf964a21b0863023774035fc3b05d51,US,WA,45
643.89583333333337,651.25,645.3125,e738f9642a36a5b3ccf9b41cf7de98743802874a,US,WA,45
686.62886597938143,738.92268041237116,707.58247422680415,096f393155592e2917cecd953d1f677b2da7ea1c,US,WA,45
681.86111111111109,704.27777777777783,702.875,7ab3ea1ece37c16139311107b72521b3eacd21ca,US,WA,45
706.07904411764707,725.52941176470586,688.75367647058829,ea9666e8e5afb4e3839824cf9b472d1dd29649e1,US,WA,45
709.7817258883249,711.05076142131975,706.14720812182736,32315bad8ac30472277fbfad311ff425ed4cdd5f,US,WA,45
619.5905172413793,736.4655172413793,625.43103448275861,4c98ffc62c0a80c91b0900e5644fedf2ca60b760,US,WA,45
701.25,709.91666666666663,685.08333333333337,4864916015bbaf999f8c6ceedffcbc4c6ef02bba,US,WA,45
692.0165605095541,697.14140127388532,697.0904458598726,03745e88650dff906c44cbccdcbb56d420ecc414,US,WI,45
709.52027027027032,714.822072072072,709.31081081081084,6701e9530cf1c531ee8b61d896edcc3cc59e7547,US,WI,45
684.58776595744678,738.93351063829789,683.72074468085111,44432b85ee0c0309e7dfe59e32a23fc7c2f91d2f,US,WI,45
705.7625231910946,708.62523191094624,708.46567717996288,306f1f92aa22ca519f9cafee60c58f7caaef75e7,US,WI,45
672.08,667.4,658.32,88e070e11a432b544d5b7ce52a3ad7fb398ab8bd,US,WI,45
685.030637254902,679.35171568627447,677.0625,385c89348fc7b0be9fe822b7c85ce29a381f5132,US,WI,45
673.13114754098365,674.64344262295083,674.64344262295083,4010d5ee3d3ae36beeb244a7806d15e929d027a9,US,WI,45
687.66176470588232,685.76960784313724,685.76960784313724,37d5f2e4fc5cf73fa0af934538b4bf407f939750,US,WI,45
703.85087719298247,702.48245614035091,702.48245614035091,91cb84fd257cdc2febe62a2c9e7783670457545a,US,WI,45
674.90677134445536,700.25613346418061,673.35034347399414,8abcad5c2ca4b565ed1f3bcc7552f2b0a430a350,US,WI,45
663.52631578947364,652.78947368421052,652.36842105263156,4f8e80f0a04f41987a3d2c465b0512eb36fa47e4,US,WI,45
708.77333333333331,700.26,700.26,972dbb8259248e0459e97462572fca8183e1bcf7,US,WI,45
698.65909090909088,702.0,702.0,9f80d47d717131b788f141cf7ccede12e3bf4857,US,WV,45
705.03891050583661,696.12710765239945,702.34500648508435,60b34ece75cefdc802847ade67821c7f6203de8e,US,WV,45
691.52631578947364,735.21052631578948,692.561403508772,2f3143c961461a9a30edf7089ac861b6453b7235,US,WV,45
693.03125,699.484375,698.171875,c6d4ab35cb2e64792ebcbe2067181056840b499d,US,WV,45
679.1395348837209,713.66073871409026,681.71545827633383,be34245d200e7cef3dbd28c1d01f53b03c1f0473,US,WV,45
708.52857142857147,674.55714285714282,672.92857142857144,ac5c31c183e97a89e95aa36919974932b29b341b,US,WY,45
685.21212121212125,800.0,649.0,b2f92321ba0eb6d35c82e97e1fcf641211186169,US,CA,45
706.45977011494256,800.0,700.0,a51429bba13bd945f167114ffcc7bc87faf9ef6f,US,CA,45
710.83870967741939,800.0,700.0,50b5c417735de89ad99adcff6e635f9315c42b84,US,CA,45
645.1519607843137,800.0,790.0,a2f2b986a04685dad400222b9de2a6093970a7fe,US,FL,45
707.32598039215691,800.0,710.0,0f7d61663e95577cc3d7dfd15995ba6d78ca92c0,US,UT,45
749.75555555555559,800.0,750.0,7a84e2e5d6a4e5653113ba115a378da81edb5be8,US,WA,45
721.8039215686274,770.0,720.0,a6266c9485fdd59544fe8825015fdbb0df4011ac,US,AZ,45
708.10810810810813,770.0,670.0,9d9bebfb81fa852c9ab00d4c93a5e5eb391d0d18,US,AZ,45
695.375,770.0,699.875,704ecfcc4a906c7379a501c77930285de99665d8,US,CA,45
680.28571428571433,770.0,679.42857142857144,1413e1d7910cef45718f782c3fa2976cb9358e79,US,FL,45
762.021897810219,770.0,681.27737226277372,1a7c93af89bf2afd039227b41b917afccfba0d97,US,FL,45
675.32857142857142,770.0,673.14285714285711,d9edaf0f785f84235b3b2df862dc57661821f2d5,US,GA,45
688.72925764192144,770.0,692.86462882096066,f591e1de15f9fd7602cde8aa1f37ca621db62f5f,US,GA,45
687.16666666666663,770.0,690.0,2c5d45494f6cbc5c832c68c11e8a4a24f536cf43,US,KS,45
722.81666666666672,770.0,720.0,e6cd2fc3a6c7be20c5702583c2a40cbf91645b59,US,OK,45
696.14634146341461,770.0,700.0,7bce94ba2af1dce85b21a7eb180ca69575aabf54,US,TN,45
722.48739495798316,770.0,730.0,aadfe8c5b27e0bf633b4580676384a977eab123f,US,WA,45
736.66666666666663,740.0,740.0,6eb2c8c3d8dc7b4aff77f0c497570b55e81da3fb,US,AR,45
669.26689189189187,740.0,669.22635135135135,f2c618e39a3d437fab26f5b0334d333e67f22689,US,CA,45
685.83333333333337,740.0,689.95833333333337,1f6554e33eae87e1692ad3cea800ee0be8cc44dd,US,CO,45
666.9375,740.0,670.0,56f50a8737a55ab8b8114f5143bd8a58bb1cecc4,US,IL,45
733.57377049180332,740.0,690.0,78823e56f75992b8ce07cc5ec28cf479d288e891,US,KY,45
711.90178571428567,740.0,712.6875,ddec8dbf6bcd11136c360cefe1d8d46912ed28e8,US,MI,45
692.61111111111109,740.0,681.89814814814815,e9457c34b2cd92265d34d254523d8cbc1f11f06c,US,MS,45
678.88235294117646,740.0,683.41176470588232,a0768caea3248f3c8fda3ab2e3a5f52186e2cf2c,US,SC,45
689.98333333333335,740.0,690.0,83d11309514b693a24e70a7f8d35b776761f272c,US,VA,45
675.78571428571433,740.0,684.0,dacc1e33c059d787840410a521dff9ea41b7a4e4,US,WI,45
731.66666666666663,740.0,739.91666666666663,6aeb311c887c8593a26f9612d9b881ca270068f2,US,WI,45
711.0,710.0,660.0,efd65588107fbba08a7d3497f200c811e8f9dfb1,US,FL,45
708.75,710.0,750.0,3d4f674bb6192e04bf4b81bafd18adf152c09c30,US,FL,45
706.94117647058829,710.0,710.0,6d1a140e53b64b62531527ccae26d7b814e446fb,US,IN,45
691.21732026143786,710.0,693.33333333333337,fbdfee9610a20af314ae084b9e6b9f48c07e0fc2,US,KY,45
708.58333333333337,710.0,710.0,d338426ad7dd5528792445c83585a0dbfaf4f1ca,US,NJ,45
706.0,710.0,710.0,c1210444b9e01152c73276bab2a4ba3aaf19509e,US,OH,45
709.73809523809518,710.0,710.0,7e60080e3b9fb75faeeeffb94e3106741c217571,US,OK,45
646.6872340425532,680.0,637.94255319148931,36f37582c9b78521db633ab4b5b6de6d0708f2b8,US,AR,45
688.11764705882354,680.0,680.0,1ac83cad52fb865785a05f0102b7c03c42334972,US,AZ,45
638.5,680.0,680.0,0ebbb9b61a8f392053fcd4b9b156f897a6512bbc,US,CO,45
658.6,680.0,640.0,2ec843b91dda291a88f6f1f3ba396e8ce5554f11,US,IA,45
678.77777777777783,680.0,680.0,ce6c5c81f94fad88aef49467a025d06bf202851c,US,IL,45
692.16346153846155,680.0,680.0,fc2f6e52dc6cebcbbeaf12aea1a5fa72ec230ab6,US,IL,45
648.25874125874122,680.0,650.0,4b9c861d750ced9d0c41f2af196401515ccbdd95,US,IL,45
677.0,680.0,680.0,d5c5bcd9943094637a97e4800bc67073219d73f7,US,MN,45
677.9375,680.0,680.0,83946a394f194e4da303dcb80e9bb6443c75077a,US,NJ,45
680.34375,680.0,680.0,c47c5865a58ceddc9788a20f11307f33d765a2a2,US,OH,45
671.45588235294122,680.0,680.0,bd86a451c1f8a89b0c5cd80c669f050954720227,US,TX,45
677.89772727272725,680.0,680.0,89d15e368dd62d08d1691646d0ba585ce945b50a,US,WI,45
671.0625,650.0,615.0,07232c051ae191506a33f7b2cf57703c45edc81a,US,AR,45
675.204081632653,650.0,650.0,01b5ab416118b5bbb2bcf83bbc8f0de470177edc,US,CA,45
700.2962962962963,650.0,648.72222222222217,fb1fe2b9be0bded145895f607977ab3c573349c9,US,CA,45
673.54807692307691,650.0,620.0,869f009078e101d44ccb8556349551b585dbc0bb,US,CO,45
499.57142857142856,650.0,620.0,0aaa697bba604fbe304f15c86c828d526fd47dca,US,CO,45
560.595041322314,650.0,643.38842975206614,ebedee14b81e1025f21f50ee2e401125556875d0,US,CO,45
639.17543859649118,650.0,640.0,715932f20857caa18a9778c4be90ba5e941ef994,US,ID,45
658.10555555555561,650.0,658.42222222222222,1295a37e9fd58f0a4817e0d9d88d230fff90fbb0,US,IN,45
646.875,650.0,650.0,d9916508e39185f595c2128376e2787907fbeb36,US,MA,45
683.72580645161293,650.0,634.516129032258,5892274368c6f5563f8dd6927436b53a21b53ab4,US,MO,45
648.50769230769231,650.0,640.0,26e6ee8f30b29bc8049c9230265fb770ccd526dc,US,NY,45
611.7,650.0,628.8,9375681654752644e5e3b0eb40398bb0627274ed,US,OH,45
627.62745098039215,650.0,630.0,017e8bfb2ff7e1cdb7a97255fe8f07794da3faa1,US,OH,45
562.29569892473114,650.0,640.0,589222c2461f5940824489c84937b2a3bb85b4ab,US,PA,45
614.23809523809518,650.0,623.547619047619,a65e056cbb5ad3ff6d957cdf5724a8d8dce87a94,US,PA,45
653.99509803921569,650.0,620.21568627450984,188e0510fe4fbbad85a417b74431402dee2664ea,US,TN,45
622.47368421052636,650.0,620.0,3abf03a69ca12f36bd598aa8bc3a905223856ca1,US,TX,45
608.36666666666667,650.0,610.0,6d8d18de76b9004049652ffccc3ee1b7b4a23581,US,VA,45
603.547619047619,650.0,620.0,d8362de3d08acb754b481e7ee41b40837cc81245,US,WI,45
702.26451612903224,780.0,702.99354838709678,8d8433b6894830ae998a60de7d0ed745895eabbe,US,AR,45
787.89215686274508,780.0,790.0,93f723243496c3aa435b0ea9024ba46ec01d48f2,US,AZ,45
715.08333333333337,780.0,719.91666666666663,b000fa65df39f9dea3e8bdc147d986d63bf9d58e,US,CA,45
734.15151515151513,780.0,699.75757575757575,617d7428d3e9289e892974985ba8661ad05bb7c4,US,CA,45
709.86588541666663,780.0,701.38020833333337,b19ab0f0b65f0deb69a07083cd8b3fef6c3cd153,US,CA,45
680.96923076923076,780.0,663.38153846153841,77c4ecfdfe48f06a031a1759cb63ad1ea50339fa,US,CA,45
667.05,780.0,659.0,7ddd23494df078cb290f7fc2e33a6c8e00ac5da6,US,CA,45
663.89583333333337,780.0,700.0,4d19fedb2282c8abeddd90c6bd0fa38cd1a735c4,US,CA,45
722.27450980392155,780.0,720.0,565bccccb2ff61291e21c5f5e91480dae2fea5ae,US,CA,45
746.45833333333337,780.0,690.0,8870527c02d24ba5ba020dea23cd80564c207224,US,FL,45
730.0,780.0,730.0,56c4aaf9e0f0186e25173d2ff9c6f49a627a9481,US,FL,45
749.69444444444446,780.0,730.0,18665954ab3674641b151dccb24aabba6960ae98,US,FL,45
694.8105263157895,780.0,724.4,6438da3bf80bc657a4c4a0c9687ee703baddd43b,US,IL,45
689.76785714285711,780.0,696.82142857142856,239725c97b34b31b4327daeffe62fe62a6c7810d,US,LA,45
702.04166666666663,780.0,631.125,5555c8da1f3529a142162eb40213bcd912f9cea6,US,MD,45
685.45588235294122,780.0,688.94117647058829,1aeb2f12822683e6a366ef0a03d7d0a12601f8bd,US,MI,45
697.04347826086962,780.0,700.39130434782612,8f1606520622d0c56ba25c073393c36ee7cdcdc0,US,MO,45
626.89215686274508,780.0,640.0,45d65d3b8b8c5205cc92d8c9e51fb6e5f5be9764,US,NC,45
694.34848484848487,780.0,700.0,5099604d5a53d3f3bba2def41b8f0fca29eac727,US,OH,45
734.047619047619,780.0,710.38095238095241,0224312aad99bbb11f8d10061bb4f3baaea87de6,US,OK,45
729.84615384615381,780.0,730.0,fa2d66dc70c6ba952c61efecb2da9da98f6c2c1c,US,TX,45
682.38725490196077,780.0,684.95098039215691,90f279d04bb0465bfcd5a3d0ebcfc709690084f0,US,WA,45
727.72043010752691,780.0,730.0,c68afcd09b3ee11b7485a4a814a60dc7d26d6e79,US,WI,45
719.11904761904759,780.0,660.0,8675325419f9183ead66a9d1081466e88a72f5f6,US,WV,45
667.72222222222217,750.0,670.0,5768b565ce5c2c3910768abea27d3405625eebd5,US,AZ,45
676.96,750.0,670.0,854e0ea5ee1e681290f5f3dc1c57046b8112c534,US,CA,45
711.63131313131316,750.0,680.0,36f958f49ae064b1aeee4ee0585c89bbd5b4b6bd,US,CA,45
741.15384615384619,750.0,750.0,e0a35d649a3a0ebc183d44089c4098fe4c5ab4c1,US,CO,45
693.61538461538464,750.0,695.38461538461536,a98bfde8e345c17eb73e633e2457f0ebf93ee928,US,CT,45
687.0,750.0,690.0,29be385bd791c88a9b57057c39592a8603672c9b,US,DE,45
752.5,750.0,600.0,7e2a23a83b740fb38af54ab5ba8aaf2b48c2a5c3,US,FL,45
701.17708333333337,750.0,700.0,1e208fe152187d3dbcc64a96014b0197bc849d43,US,IA,45
675.92708333333337,750.0,680.0,d09e1f68990c452fe1afe5d84c55c7c1df9b1bcc,US,MA,45
692.31111111111113,750.0,693.33333333333337,a6d8530d03dbdfafb9d488a46f6f429eb8529eff,US,MD,45
692.83333333333337,750.0,750.0,8175778972377af27247b63af69b355230f3d04f,US,MD,45
693.859649122807,750.0,700.0,5e9d86758d0b51ccde661d151a3cac9cb59569a4,US,MI,45
686.85185185185185,750.0,690.0,52994c1861879018865efd7b9dee392d9c814b90,US,MN,45
749.02777777777783,750.0,750.0,a44e53d7207ab84a5000e8f143f4b15b1f9f432a,US,NJ,45
713.0,750.0,710.0,72c2d109ccd4a3037e05bbce1266ffd9100363ae,US,NY,45
659.29729729729729,750.0,640.0,3cdb5962f08870130c1171716eec2e0f0186ea0e,US,NY,45
633.26190476190482,750.0,680.0,93110b78eed04222d2c743bb32cf1f7fee06a8d5,US,SC,45
661.16666666666663,750.0,650.0,58fcfd4d4560b79021208d84f9b584ded6d38340,US,WI,45
716.92307692307691,720.0,719.79487179487182,6cbd7856b3831e0a7e4986d67bacf3832c118fb6,US,CA,45
713.84615384615381,720.0,720.0,e62f69fd8f5dc823d0d5db7bb5504eb73b7c6dd2,US,CA,45
717.66666666666663,720.0,720.0,8a27dee17cd99232b42a408520c082dfa0774c77,US,FL,45
671.73684210526312,720.0,650.0,30062a2000f40dc87f2b5e166183fde3f88ad59c,US,IL,45
717.41666666666663,720.0,720.0,998809e97bce52456b719a770afd2cc8c3a13191,US,IL,45
673.88888888888891,720.0,690.0,74f5307126c25592a5d68d93e2fad63f6c374e60,US,MA,45
717.74137931034488,720.0,719.99137931034488,bc41530f8a0775024b88f72f1a3236beee8dbb9e,US,MN,45
656.8039215686274,720.0,652.5,33d1b0ad709414c94af86cb458bbf538bdb3f451,US,MO,45
672.23076923076928,720.0,667.38461538461536,917aa4ea6f5d6d6a9d551ae42e71022f72c39346,US,MO,45
690.13095238095241,720.0,690.0,899cf923750ef0934faf79c8aa12f1ad3b5e0864,US,NC,45
706.81818181818187,720.0,720.0,8a3bb882c2d785b66525f5725be7a80cbf232248,US,NY,45
705.14743589743591,720.0,690.0,226e0d2dae955e207a7e0e4227afe758eb049837,US,TX,45
654.19277108433732,720.0,720.0,30e897a28211afb3d95c631377fef01e2a8e13bf,US,WA,45
725.318407960199,720.0,720.0,dc08994afa5b832f4cceb64402ca01bd572deb26,US,WA,45
688.16666666666663,690.0,690.0,5810caf5aea963a8e47860242e272379d2fb606d,US,IL,45
683.55555555555554,690.0,690.0,2f24a80caf549e987369342c90fc5d4b6cf3e3e2,US,NJ,45
688.015625,690.0,690.0,3aa56c18d7ddf57586f755518f481a1468b23817,US,NJ,45
697.8039215686274,690.0,703.58823529411768,4c7ba6e375da7d4838b384e532cef8ccb1381163,US,TX,45
688.516129032258,690.0,690.0,e158ab003527d45c8efca4121df29c559843f85c,US,TX,45
693.57446808510633,690.0,690.0,71f7fef8af310b1b91a1af2380ebff7be766cc24,US,WA,45
693.36363636363637,850.0,710.0,09aff714444f92d37075e9782134bc5a35286a8c,US,CA,45
698.5,850.0,700.0,d127e1b5a93c57a4dde5aa23f93d893cdc63c3cd,US,CA,45
726.23963133640552,850.0,635.15668202764982,01c5f7575df1b1c1654ffe7605050f00b44467a1,US,WA,45
603.90909090909088,850.0,600.0,09434693e5c6a5f76faac2e6e523f5449a962776,US,WI,45
598.702380952381,850.0,600.0,fd6f912f4a2d7719632507d63c67bab631ea3732,US,WY,45
714.01851851851848,660.0,660.0,defe1ff781d37c2743960dbc03b39b967a6deec0,US,CA,45
657.83333333333337,660.0,660.0,1e3ffe0455f4443cd32ad153deb7be47b02f6729,US,IL,45
641.61538461538464,660.0,647.32051282051282,1a5ffbce60650d578f79ddd792364e78c50c9e79,US,MI,45
672.88636363636363,660.0,660.0,0306c0b75955c03cba1e33c55e78e6c6a60f4059,US,MO,45
657.30555555555554,660.0,660.0,73f816479d918d199691e5ee124dda0a679b67a8,US,NY,45
677.37745098039215,660.0,680.0,bb3c41e6b42978899cba592495a1d9ed2261a62c,US,OH,45
657.67391304347825,660.0,660.0,044a9a608a996a0b4b800bc339401e8e71816e6c,US,VA,45
722.07317073170736,725.0,725.0,117a7702ebdb9ec0b246b4032f23b409c6f04b56,US,CA,45
632.93333333333328,760.0,718.0,8edcb7021c1d5e9aa1f26532e8d1e47efc749a1a,US,AZ,45
723.04166666666663,760.0,690.0,299ad7b4250b72219faf797fe110a794990c2d32,US,CA,45
665.8115942028985,760.0,664.37681159420288,88758dee1f81c4971b46df49552cf54858e7de1e,US,CA,45
708.14236111111109,760.0,705.0,ba19dae5a095df99ee71f8cf552c9185b00f22b3,US,CA,45
659.12254901960785,760.0,660.0,a383271c9efc413d4f5571c5729b19478a9e9682,US,CO,45
686.39583333333337,760.0,690.0,890b488c200dce586086dee25b560a0f94126d18,US,GA,45
738.91666666666663,760.0,759.5,40a7ebc2192861e4e7ed1334adaa5dccb0270e6d,US,GA,45
686.875,760.0,690.0,42666dd3e2d9b3edffb3a4fa0fe720044d5d6493,US,GA,45
700.42857142857144,760.0,709.73809523809518,5e75cfdb756aa7390c1f2b92eb70759118f455cc,US,IL,45
731.0,760.0,760.0,1a34d08eaf429b73adf2cf881580cb2b9351c6d2,US,IL,45
719.76190476190482,760.0,720.0,731f774b64a0c8e1d3c44a31e400810b1df7f882,US,MD,45
754.02857142857147,760.0,759.2,75778ef2a6b81935c07397a314e67e21242bf794,US,MO,45
717.0916666666667,760.0,720.0,f80af3315abf931bba50e1bb5f111cc171e7126e,US,NE,45
710.53735632183907,760.0,675.86206896551721,b111ef7c254c166728dd3530662f9da667188417,US,OK,45
703.33333333333337,760.0,700.0,98b13a381507227d4f46582823124bd76a127113,US,PA,45
657.10457516339875,760.0,660.0,4bb9faaeadde3280526a5461144379633763a747,US,TN,45
684.97916666666663,760.0,670.0,43f1bb758a3753580db3fac39cf4335d8e7a42c9,US,TX,45
677.56338028169012,730.0,680.0,ba86894eec1a93e8dc15e2626778c8e922f7e3c6,US,NC,45
726.24019607843138,730.0,730.0,dfcfdf734fbef3ed2ba6769f51666192f189da91,US,NJ,45
726.83796296296293,730.0,730.0,afd08f865d3c2a030493eb5d663ce6f1e845009c,US,NY,45
728.21428571428567,730.0,730.0,4729abe58a07c8275f3afc4b6556d9bf394b0898,US,PA,45
735.0,730.0,700.0,c4a60f2586fe08991689e214fac33f6f2bbf2fb3,US,TX,45
729.69642857142856,730.0,730.0,08ed71bb3ee73cadba9c65dd83c0e759eca24432,US,UT,45
726.61016949152543,730.0,729.88700564971748,84033727d9382beb844c6700b7d7e5e347e51a24,US,WI,45
672.48888888888894,700.0,673.33333333333337,14e3ed6c01954de9d4adc9e3c007fc03bddef9f6,US,GA,45
697.0,700.0,700.0,1166e0507b066ef2c6f99c19de591915bc149547,US,GA,45
701.91111111111115,700.0,700.0,c4416cc28a51e3dbe01c2eb781f1bc192b06612d,US,GA,45
641.29729729729729,700.0,635.75675675675677,d1d4628fbe9ec1e77f60c47cbb7e2949a4f9d8b6,US,GA,45
695.52941176470586,700.0,700.0,8520c6322278e678da20aa123e96acb22318ecf8,US,IA,45
605.28571428571433,700.0,610.42857142857144,d1f64753a8f1db41fd2a5d3741ba47e02f3e0e96,US,IL,45
697.57462686567169,700.0,700.0,4ff527bf3875585b6fee522e8503e0b0126ea9cb,US,IN,45
699.28571428571433,700.0,700.0,36d4a31a13cf5a2cc3a0ae70e52caf2d3a506189,US,MD,45
701.86666666666667,700.0,700.0,082272bd764d4a55db7d66bccdae033b3b5fe446,US,MI,45
696.29901960784309,700.0,700.0,cf42249a220fa8850f6680185ad7675aaa386516,US,MI,45
703.0,700.0,670.0,7f352bf11deb8030c22176e04b1cf9bf7fc64f4d,US,MN,45
698.0,700.0,700.0,900de778e8fbe73b5ba8040a49848978787b9153,US,OH,45
694.31884057971013,700.0,699.78260869565213,f5518095c7ad262fdb6737417d858e42d5808411,US,OR,45
720.0322580645161,700.0,698.83870967741939,cc7492974b078d6eceba17e49929a139635baebb,US,SD,45
692.0,700.0,700.0,ca6048b995cb7b40c74275cb18d4fc5e6c3dbf1b,US,VA,45
698.81927710843377,700.0,700.0,bc2633e2f797f79cd211e238e0f25d11775aab49,US,WI,45
705.69791666666663,700.0,700.0,90860b7eafc1d1f1c3c554d59ab49bc8ea0bec86,US,WY,45
669.11111111111109,670.0,670.0,c97595aa881afa2ac2c541b7f736cddf4fec52a3,US,CA,45
668.80808080808083,670.0,670.0,aa597b910c92f14d23ceb3fb1f2fae6ac9147f78,US,IL,45
666.61111111111109,670.0,670.0,c4fa8f19bb78d0cccbd13dce3d00b694a9c3d500,US,MA,45
667.42857142857144,670.0,670.0,4005f22450da14e92d2f4774ea5282dbfded1627,US,MN,45
667.36363636363637,670.0,660.0,070445f59f369c6aa6b3e903ff264d8b801f26bf,US,NC,45
693.35,734.0,694.0,5fed0fd2fc505c7aeeb09c1f5d7f4fe6408fddef,US,ND,45