AvgTempCtrl,AvgCool,AvgHeat,Identifier,Country,ProvinceState,Age_of_Home__years_,Climate,CalendarEvent
698.70588235294122,760.0,700.0,910aa0d387cc680c64091f81c899376362bbe351,US,AL,35,Home,auto
692.15277777777783,770.0,690.0,92c3ab39d47be9b464bcc7e0fa24aa629bea224a,US,AL,35,Home,auto
683.9666666666667,740.0,690.0,c706594e0dd1cb7efdafaddb8b7c54c5eee2451d,US,AL,35,Home,auto
745.38888888888891,750.0,750.0,4233c8f6a64c867330bd7b32347e0d2fdaf481e5,US,AR,35,Home,auto
709.09183673469386,709.83163265306121,709.83163265306121,95f967963817dc2e507ce4ec6b012006fa58067e,US,AR,35,Home,auto
733.47058823529414,800.0,740.70588235294122,1ae4e1e18ec80cff77129b3cc72bcab014984aa4,US,AR,35,Home,auto
743.91428571428571,789.82857142857142,748.8,0d00bd2a3326b38d1450ff9115b1e044ca04fe27,US,AZ,35,Home,auto
760.29166666666663,830.0,760.02083333333337,5f8816e091e923443a87e4e8cf8225058aea7483,US,AZ,35,Home,auto
690.56944444444446,780.05555555555554,679.77777777777783,c3d8c0d230f6b91e5ec16fbf2e3e3bf12b8f7767,US,AZ,35,Home,auto
714.11428571428576,729.88571428571424,700.2,560804adcd08680ec2a33395ddbc0a1a8aaaa3de,US,AZ,35,Home,auto
709.6,722.8,717.2,2a52b3804114477feb4d4ad20d9ae7b99fb9c4eb,US,AZ,35,Home,auto
722.44767441860461,719.81395348837214,719.08139534883719,c4784d412277a275e2c55e5371d304cd36587308,US,AZ,35,Home,auto
693.66666666666663,800.33333333333337,698.5,cca57c0eaeb04589a9a983e6478224811c0dc9e1,US,CA,35,Home,auto
693.08333333333337,790.0,699.375,8b150c0fd0e5f7a5382225a4fc08ac0f69e517b6,US,CA,35,Home,auto
653.38888888888891,790.0,650.08888888888885,ed5780f87ec4261ecd778ed2134ca58765c804c8,US,CA,35,Home,auto
684.66666666666663,670.0,670.0,57b3ce7bdb81e07a94ac0f6327052c07f6f3db23,US,CA,35,Home,auto
685.67156862745094,700.0,700.0,9c2feee7be1bea5a783b6c58f9e91696a33a99bd,US,CA,35,Home,auto
699.95555555555552,745.0,695.0,f6f226ea717f11f60a212f827ee5fe14fd8145a1,US,CA,35,Home,auto
733.33333333333337,796.22222222222217,735.51851851851848,b8564fabb4405e9a4f91ac8120552269d6419f68,US,CA,35,Home,auto
646.32116788321173,660.043795620438,634.7591240875912,23ebc782299181e97cf40c193542fdd65cea7089,US,CA,35,Home,auto
704.37777777777774,745.0,670.0,a200d36c67a733b33a3e685514d405d9a1bf2df5,US,CA,35,Home,auto
682.39560439560444,770.0,660.08791208791206,f4c01f301304b3b4f58972813d89ef175e42a183,US,CA,35,Home,auto
722.0,741.0,726.5,76039faabe062870d37d4f75722d1070573e9c63,US,CA,35,Home,auto
706.57777777777778,700.0,700.0,d950c43881663cab8289b1c48a15deddd47b9636,US,CA,35,Home,auto
698.22916666666663,710.0,699.54166666666663,691d08d95ae38a8b2f0781964bafff03577c6a23,US,CA,35,Home,auto
649.8780487804878,650.0,650.0,9db27177d05a7d41316c43a4c9cfb1598aa032b9,US,CA,35,Home,auto
640.87962962962968,799.9537037037037,600.19444444444446,105c09221127a3f58ec4211ddc326374693394e0,US,CA,35,Home,auto
713.22222222222217,718.22222222222217,716.44444444444446,e6189c55f9a3a2ccc4b0a10b5fa30096917d8c96,US,CA,35,Home,auto
593.48,815.48,602.92,501be9a18220d13a7016d6445a8539c2b2b2169f,US,CA,35,Home,auto
670.14285714285711,698.28571428571433,676.57142857142856,f39002ee18a290022f6a03fe50f8098e79f98eec,US,CA,35,Home,auto
692.1682242990654,660.0560747663551,695.18691588785043,8a983d25b976f32fc6da05dffdf6996a8b22f760,US,CA,35,Home,auto
707.11333333333334,779.6,693.3,aaa6480af8b7d729d58d808a0e9e9593d6859a88,US,CA,35,Home,auto
658.90909090909088,674.0,669.27272727272725,0c70379fb35782e55458e89eccb8d9a0026124bc,US,CA,35,Home,auto
668.44444444444446,780.0,668.88888888888891,557d5303701a0e7f4ce1d62f0af6dcb7b3e1847d,US,CA,35,Home,auto
596.66666666666663,650.0,600.0,a9296f8e5a322d1331a7c62866fe8cc5a5e2b4e3,US,CA,35,Home,auto
730.695652173913,731.43478260869563,731.43478260869563,40774c790e5e5c8907e1b9a69814b006d0ec4068,US,CA,35,Home,auto
717.33333333333337,705.0,697.5,0de07fdb4d2379074473177d597ae653ec0c4085,US,CA,35,Home,auto
666.0,737.5,687.5,ff6f50e64b25ca7f46e9999768853d4172f001e9,US,CA,35,Home,auto
723.125,780.0,730.0,74bc49a9fca47a1575e8e4ca3271ed09b91a160e,US,CA,35,Home,auto
682.26363636363635,666.75454545454545,657.31818181818187,db8798e96c700d6129caef5c0810ce86ac7bc3f8,US,CA,35,Home,auto
703.06481481481478,700.0,700.0,a3793055d5783300642589954ebcbf58362798b1,US,CA,35,Home,auto
669.88888888888891,819.77777777777783,620.16666666666663,945ac985a67ced26c862d5d1f70b443d712b7a22,US,CA,35,Home,auto
701.17777777777781,800.0,660.0,46ab2ac912d3bddbcb77b4091a7f7b7a91ab5b6c,US,CA,35,Home,auto
699.18181818181813,780.0,690.0,0a67ddd5c534c8d2ae23adc3f14dfbe0fa87f801,US,CA,35,Home,auto
678.16923076923081,681.84615384615381,679.26153846153841,9962a7389965c34bd13dd9b34a7380ef8bb6229d,US,CA,35,Home,auto
746.8480392156863,806.0,750.0,9c4347e20a6ff293702dd999e793c7281b881d72,US,CA,35,Home,auto
701.0,721.0,719.0,556345864fe4773ee05a59a68c7c685df1ccdc99,US,CA,35,Home,auto
680.51470588235293,660.0,660.0,8679a68dd1eebdcc56ff3472126baccce520e8c4,US,CA,35,Home,auto
685.23529411764707,780.0,640.0,c26e08d956c88bfe6555c510638f9c43fedac09c,US,CA,35,Home,auto
696.45283018867929,840.0,700.09433962264154,3dccb24b4fc3ef71c7e68f0d155b41714a670f06,US,CA,35,Home,auto
657.50641025641028,669.9487179487179,659.974358974359,04c780064f9f26e0b2848eca0b614e36db6ef3e7,US,CO,35,Home,auto
678.87931034482756,680.0,680.0,970a5a2484870778bbc66e098f72326ecc186dbe,US,CO,35,Home,auto
711.26470588235293,750.88235294117646,722.20588235294122,307318f5491244a315d59f709527f59633541089,US,CO,35,Home,auto
604.29569892473114,820.0,610.0,1201701b2515b99267d6178bc73cf269b5e8a4ee,US,CO,35,Home,auto
698.578947368421,780.0,700.0,dad2d480bedebebf3d5d43bf8d3be18fdbeeaa0e,US,CO,35,Home,auto
658.94202898550725,750.0,661.14492753623188,c7b990bb45974c0e521deaa610462005b6913729,US,CO,35,Home,auto
705.97619047619048,760.76190476190482,709.23809523809518,fc3348a86001c6d6a654393a9abfc56f28caa465,US,CO,35,Home,auto
694.0,785.0,607.0,0343f667f54b620b6798ff322818c23fe1079b9a,US,CO,35,Home,auto
723.85714285714289,718.14285714285711,718.14285714285711,ae3cfb62cd6d4bf4299e0ab38ccb01641b64796a,US,CO,35,Home,auto
705.15789473684208,730.47368421052636,723.84210526315792,5ba0da3037c42ecc10412731ae1898753ea563df,US,CO,35,Home,auto
688.16666666666663,690.0,690.0,8fec955feb45c2adf6d6ac3c67b4e272b9aff5b2,US,CO,35,Home,auto
663.64814814814815,650.27777777777783,669.87037037037032,6ebc5933dc6c3553c77fa1ce613eb95fa4c67818,US,CO,35,Home,auto
672.93023255813955,706.58139534883719,675.06976744186045,b2086b72c84753ae24d5d12d98d4d4b1fccdc00a,US,CO,35,Home,auto
703.38020833333337,750.0,706.72395833333337,64137babbb3180b3cd7a4cc9fda4f975009b50af,US,CO,35,Home,auto
672.31182795698919,670.0,675.84946236559142,b237ed0ef6f08e768c0cf6b7f91fbee3555fcd85,US,CT,35,Home,auto
626.16666666666663,650.0,630.0,86b0ac3d2ae07fad9f36f3eb04e8d1ff5e48511e,US,CT,35,Home,auto
597.16176470588232,650.0,600.0,76066bba7acdf1be2059ed844fddf475b8266fb5,US,CT,35,Home,auto
691.28,810.0,710.0,36a9107c748c82e6e19a1361ff1a5edd3932af2a,US,CT,35,Home,auto
633.02083333333337,650.0,633.0,ab6ff4594687268cb3e4641e4229e82817d1d447,US,CT,35,Home,auto
666.73958333333337,780.0,670.0,1f25086c9d1b51f3c76e73de493b82ee0e4f1864,US,CT,35,Home,auto
697.66666666666663,701.75,698.58333333333337,feb5cd16149dfd09b68bded145db5eac703007b9,US,FL,35,Home,auto
706.06666666666672,778.33333333333337,778.33333333333337,f79bdd3708b2e9b9adbf35a895b6b6929351aa31,US,FL,35,Home,auto
699.0,736.0,662.0,6723ed5be424dd947831b2cae0452da2fb568039,US,FL,35,Home,auto
730.58680555555554,800.0,720.91319444444446,2249beb9ca22be274c03bdac7b64786314fcc81e,US,FL,35,Home,auto
713.86111111111109,810.0,620.0,daefee99843b171ea4327e6227365ecd0986da94,US,FL,35,Home,auto
638.87745098039215,650.0,640.70098039215691,41e781a5f6a8c20e5f1d62d350f2311564a04784,US,FL,35,Home,auto
729.2,720.0,760.0,30d1ce99f6465b99fe27214aeab5f4c88fa9c32b,US,FL,35,Home,auto
761.64444444444439,770.0,720.0,e26f1ea89a643cf0f78002dda55731bb3c10e8f7,US,FL,35,Home,auto
720.56666666666672,720.0,720.0,30410b91997d9c27a8ebe16865610b0c10e02271,US,FL,35,Home,auto
771.89655172413791,800.0,720.0,9551f3e1ca9858a72c97d012c105251f2499e254,US,FL,35,Home,auto
724.95555555555552,720.0,670.0,b452c6f3a1976bf5ff2d0cdcf7f97bd670404383,US,FL,35,Home,auto
750.625,789.375,780.375,357178943e65946ff25de4712f72e0c82109e3c2,US,FL,35,Home,auto
744.36842105263156,720.0,720.0,03bb988a453550eec064bdc806213ed1cf1a9e26,US,FL,35,Home,auto
734.453125,750.0,682.24479166666663,936a1b911bf359fd4e0e10be55c59d4a95b72b5a,US,FL,35,Home,auto
740.85185185185185,790.283950617284,729.90740740740739,c1a51df70b9d63684117b2cfaf2204b6f8cf8ecb,US,FL,35,Home,auto
745.33333333333337,820.0,650.0,f7f406f636dbfb290d4d5686a36040b174690a2e,US,FL,35,Home,auto
743.0,760.0,682.0,c9c8b1ca3a82f1c05d4f3c91c85fa17da2c30e40,US,FL,35,Home,auto
734.45833333333337,760.0,710.0,8df9ce0fbe6dce30c7c15931fdad9d964ce4b4fc,US,FL,35,Home,auto
721.83,748.82,690.6,c0155883a92e25e2b407bcc5d27793da19836e88,US,FL,35,Home,auto
721.36363636363637,720.0,720.0,811d97f1cb46f7d344f6890078f063ffbcdb7d23,US,FL,35,Home,auto
715.49180327868851,767.327868852459,717.18032786885249,8ee0a126ef33d167c1a04e55f309d9e8b2098d9c,US,FL,35,Home,auto
764.0,760.0,600.0,8699f92960d3367428104005e409f5d21b387f2d,US,FL,35,Home,auto
744.51724137931035,779.48275862068965,641.551724137931,99356ad4fb128b87476a1707810666fcfb351f45,US,FL,35,Home,auto
755.58620689655174,780.0,700.0,ea1ff5dac2daad9c8e8540a771b322356dbd2512,US,FL,35,Home,auto
737.5625,760.0,730.0,353226f95d2e6696b479629c8274918e2cac2f0e,US,FL,35,Home,auto
686.64102564102564,700.0,690.0,6d60f452dfb281ad5e5220749dd3593ea6724775,US,GA,35,Home,auto
709.5,770.0,710.0,bfdb5285b86d347d3d25bbbeb5a57756e758dd3c,US,GA,35,Home,auto
681.4909090909091,729.81818181818187,680.72727272727275,757ab6a468e6abdfca477b3392a727c26607330a,US,GA,35,Home,auto
674.11111111111109,710.0,680.0,250f49029e57ee73444f34e108fda0bb0d98efab,US,GA,35,Home,auto
654.8,720.0,660.0,c15429707bc096b4c86ec7b09b3b30c1b43d83fc,US,GA,35,Home,auto
695.86274509803923,700.62745098039215,699.23529411764707,2b8b82e5a29a0abb07769aabddb3657b6bbcbb28,US,GA,35,Home,auto
693.17880794701989,758.33774834437088,680.80794701986758,4461cf0c643607a0d205d95d325fa41264e82f28,US,GA,35,Home,auto
697.23529411764707,660.0,700.0,155de5f5360e339c2a2cb57a0470e1c2efd15d38,US,GA,35,Home,auto
677.08333333333337,738.83333333333337,680.58333333333337,11dfb1c2fbe0297ddef7381b64bde5a5f780b2cf,US,GA,35,Home,auto
706.14953271028037,710.0,710.0,6f0851e46e11fd0c99cec30da952fbb82e98a71c,US,GA,35,Home,auto
732.0,740.0,740.0,77d5e8df2708d8b2c3f7d5fbba6c42808af1a22a,US,GA,35,Home,auto
719.20168067226894,744.98319327731087,719.99159663865544,e3e73b8aacaa9a502137fd72f1ddddb6088213f3,US,GA,35,Home,auto
713.56862745098044,770.0,710.0,e20c33b63fba8080036dc67d1307676e6f45ddc2,US,GA,35,Home,auto
696.77777777777783,759.77777777777783,722.44444444444446,89afc53fb939318d72ae17ec55cd683562c33bbf,US,GA,35,Home,auto
688.625,693.375,641.875,5f0206e69d4b976933f7ac14819831595c7c5ecd,US,GA,35,Home,auto
685.16666666666663,769.73333333333335,690.0,a85a98c7251190caa8ad803e62c4a3dc6bcd730f,US,GA,35,Home,auto
696.58333333333337,750.0,697.25,36f6ac049f04601faf2aec11a338f23d7b138e39,US,GA,35,Home,auto
725.89361702127655,740.0,730.0,860902872ac81c0b440de3440fad2d434e2f4b20,US,IL,35,Home,auto
619.37037037037032,650.0,620.59259259259261,285ce75f7b24bac687a6407a966c10dae617872e,US,IL,35,Home,auto
681.125,780.0,695.625,462e3df56603df8309bb79aeaa4269fd39887016,US,IL,35,Home,auto
703.16666666666663,706.66666666666663,699.16666666666663,167c2fbceae828879ddf25632b09eb75e62a4612,US,IL,35,Home,auto
697.30555555555554,750.0,700.0,8782a219c6b750ac84a31b2113f75ed3eab5a0a4,US,IL,35,Home,auto
705.04166666666663,710.29166666666663,709.79166666666663,bd25121e2d15825b64f6066f815a2e4e1f55c66e,US,IL,35,Home,auto
679.85185185185185,660.0,660.0,068a72691fe20b941b3c12bc4781419d6438c4fe,US,IL,35,Home,auto
715.8,720.0,720.0,b6747d04aa917715a34d4295b5e52143cfffc9e4,US,IL,35,Home,auto
698.0333333333333,680.0,660.0,91b56eaef39866a7790f5704da0360dc0d463ae9,US,IL,35,Home,auto
689.0,832.0,636.0,02dffea50aaf841c436bab8ae355dddeeae45537,US,IL,35,Home,auto
713.4545454545455,769.92424242424238,719.5454545454545,83be54fa31229ec38b3fff5c105d48754562b5d6,US,IL,35,Home,auto
680.83333333333337,790.83333333333337,635.83333333333337,be86e63a79b1971bf85d880d6cf6dc586f0243e7,US,IL,35,Home,auto
677.0,766.0,685.0,510730ea99ca9ee46cef79eb030d62a066097d7e,US,IL,35,Home,auto
687.85714285714289,700.0,690.0,00ab82671ae4437af38aaacbab99cc76c30a8568,US,IL,35,Home,auto
723.40163934426232,730.0,700.0,6d68fc2025c61dca594bf83080fa2103dd0df989,US,IL,35,Home,auto
679.72222222222217,727.5,677.5,c08a52e5db8fbfc4cbac28098e8793360171144c,US,IL,35,Home,auto
696.83673469387759,715.51020408163265,689.530612244898,9efc47641919500737fb38ca9b80ca59226f8530,US,IL,35,Home,auto
699.21428571428567,660.49489795918362,660.49489795918362,8635711274385f8f8509e2bb498f0e8107ba8af1,US,IL,35,Home,auto
737.1,710.0,739.7,43a47491018bd78a91bc5db60d8e16b0c8ed6601,US,IL,35,Home,auto
691.79220779220782,680.0,654.06493506493507,83f41b28e623880c6ee1714316a89242978033b9,US,IL,35,Home,auto
676.27956989247309,820.0,680.0,87a9e717648529b17c998fe2dbf2c20678fc22e0,US,IL,35,Home,auto
646.83333333333337,794.875,626.125,f80166612bb931230471e1862d817c8ee8d9f78d,US,IL,35,Home,auto
683.44230769230774,731.51923076923072,635.05769230769226,ff9c4b83c127c974334826057c0eca1ad0bf5448,US,IL,35,Home,auto
688.375,760.0,698.58333333333337,be06223763cd391f143a4b0eb321a130ce258189,US,IL,35,Home,auto
686.16145833333337,800.0,680.0,49cd819ccd3842a1585abd35337169aff17b81ee,US,IL,35,Home,auto
639.37857142857138,726.10714285714289,648.07142857142856,80a0d8adedc6a11cf54ba304fad607ee385ac95f,US,IL,35,Home,auto
660.0,769.0,648.0,40a1ce58b89c921a2bdf7438e27df17f3aa14603,US,IL,35,Home,auto
689.66666666666663,690.0,688.71839080459768,3a10f93c6ccee01c8df873bbd03f43c8c83416b2,US,IL,35,Home,auto
667.29310344827582,687.93103448275861,668.9655172413793,a5c363ed3a39a9c31ff4d5ad988473a7617be87b,US,IL,35,Home,auto
716.7216494845361,730.0,720.0,c9f0dc583fd506a55db11f4cfa96685e5da6460a,US,IL,35,Home,auto
705.24137931034488,740.0,708.0344827586207,95d8bfd67dacbb98552e43cb941d85dd9e0e0d87,US,IL,35,Home,auto
693.18604651162786,690.11627906976742,690.11627906976742,9a0d0ed5b48e745c297b78e5a0c1eccd664a2e7c,US,IL,35,Home,auto
726.560975609756,760.609756097561,734.170731707317,b8543897282bba5eea727a89ddc1569a1d8c6717,US,IL,35,Home,auto
645.0,670.0,670.0,e747889f56b2bfae348f0fb9c480b68f3a024997,US,IL,35,Home,auto
727.01470588235293,730.0,730.0,ae1d5f93a8471eae0b472e32f9bdabe5ee4080af,US,IL,35,Home,auto
715.0,720.41666666666663,719.5,59e809f2ac8819a6bccff8a36e25f2d651a6723b,US,IN,35,Home,auto
674.77777777777783,678.72222222222217,677.05555555555554,c5f49b42ba2ba035e743b693ea483cc027b27203,US,IN,35,Home,auto
667.5,690.0,690.0,e752b613d7ac7e93e1b6b0c01c614296997a85be,US,IN,35,Home,auto
711.85416666666663,721.1875,719.60416666666663,513326c890fea710fa0fd18253e3f06d0ca13ac3,US,IN,35,Home,auto
705.25,710.29166666666663,709.70833333333337,dd474d31e638f2b178d57d841cb6f86cd03f3e6a,US,KS,35,Home,auto
727.37878787878788,779.74242424242425,729.74242424242425,f612ba6be33f827d361f30d80c3fc20afe132d55,US,KS,35,Home,auto
733.30909090909086,740.0,740.0,78e73b02cb4df9c7b7f152eb2d74a019882e9170,US,KS,35,Home,auto
694.4,700.0,700.0,312ac392947626c1040ddee0a006a722bb69d585,US,KY,35,Home,auto
667.22549019607845,670.0,670.0,e93e0bca4c1b0c51d708f4a18949f1c7efdb2a27,US,KY,35,Home,auto
695.4,760.0,684.0,d7504c455dd5423dbb60375986767e62d37b19ef,US,LA,35,Home,auto
692.9473684210526,760.0,690.31578947368416,5c01978238f09d27f0594e91cae3f9c350bb32c9,US,LA,35,Home,auto
677.6875,679.9375,679.9375,021bc49d2737cfc5291795252754c8c84d99fb90,US,MA,35,Home,auto
686.21333333333337,780.0,690.0,0fb3c337415affbbe3a369cf6b0f58879c6333e3,US,MA,35,Home,auto
632.38461538461536,730.0,630.0,95d38bca5c295717797f5a1671fdfac22939f24a,US,MA,35,Home,auto
707.60752688172045,710.0,710.0,b05279068a90a73b881d7881153937ff3ad1f2ef,US,MA,35,Home,auto
623.3,680.0,600.0,f7de8cca0a939af5a16233ec06bf4c04309f06fc,US,MA,35,Home,auto
605.6,780.0,610.0,3a6e5ef83f984e7f79617f3db70750ee3cdd841d,US,MA,35,Home,auto
717.65517241379314,720.13793103448279,720.13793103448279,ec3077938be5396ef05ebeb25c2bc8f98ac7f3bf,US,MA,35,Home,auto
627.08333333333337,650.0,630.0,6afad5604f108c6cf7369229f17fc53af57c1748,US,MA,35,Home,auto
697.10606060606062,680.0,700.0,d9ec87124cd0a797294b9b85044f1bb14c3b4bb5,US,MA,35,Home,auto
658.83823529411768,662.11764705882354,662.11764705882354,0d7f37425fc4f69ec3972e65f4b665ce52eb0d13,US,MA,35,Home,auto
696.86559139784947,700.0,700.0,2d34318614f6707b62736e5171231f1f138c78c0,US,MA,35,Home,auto
651.59090909090912,760.0,660.0,6c2403d715deb61c3b60529aaa50da26ce1fc91c,US,MA,35,Home,auto
716.552,720.016,720.016,87d51152901507fce151539d45f695bd0e2db303,US,MD,35,Home,auto
705.0,715.66666666666663,707.0,60aed15bf94aae36e082126f609fcfb18629149b,US,MD,35,Home,auto
672.48275862068965,680.0,680.0,2d1cf2af29396293ff30e0183a7efc908a236890,US,MD,35,Home,auto
668.83333333333337,673.5,661.83333333333337,3afee8cc058fe45d3c344d840ec27aea05e32dba,US,MD,35,Home,auto
704.25490196078431,760.0,710.0,d4c2325dea18f70cb5a297ca50111a66b476b7de,US,MD,35,Home,auto
708.04285714285709,730.0,710.0,e3d387e7da10c6f7363b5057e3a8b1e60ebfaa8b,US,MD,35,Home,auto
681.72222222222217,765.76388888888891,688.55555555555554,64affe8e4fd78531e1086084c9a1aec83449a2b4,US,MD,35,Home,auto
679.33333333333337,750.0,690.0,321f3e79e5047723637a5d68b884562827c20711,US,MD,35,Home,auto
686.33333333333337,650.0,670.0,f9864883e1c1701e63d5fbbd112340c1dccd1ec4,US,MD,35,Home,auto
656.31862745098044,660.0,660.0,6a522902026bcfff36a59d08ba56d236900c630f,US,MD,35,Home,auto
711.57142857142856,650.0,680.0,89b85aa65e6b97be6f3d37598c29870e19db5365,US,MD,35,Home,auto
687.20833333333337,690.0,690.0,16ebc317b42093272cde2ae9ba87e1a5a5cb7fe4,US,MD,35,Home,auto
669.1875,652.0,642.125,1bc69e448f15ced87da11c1e8a5f9de23eed7da4,US,MD,35,Home,auto
671.90909090909088,780.0,670.0,e1edab4c664ab452d195ad5902b1093cf5f4c84b,US,MD,35,Home,auto
647.26666666666665,650.0,650.0,918b620a2e58d39ca3a3293448661334e4c0c905,US,ME,35,Home,auto
668.25347222222217,670.0,670.0,9bafea677f02ae2471ea4c0595fff6389394bccc,US,MI,35,Home,auto
715.5,680.0,716.66666666666663,d4bc6c6c740d06bc5bec71e5554364a6812a2157,US,MI,35,Home,auto
723.68115942028987,768.55072463768113,729.71014492753625,69bcaf85d13d6c073e481973e1e1a81e1dee86dc,US,MI,35,Home,auto
733.73809523809518,789.73809523809518,739.59523809523807,cf065e98f85ebfbbfc9e7f10309b8ee9fe7d529a,US,MI,35,Home,auto
670.890243902439,770.0,673.3780487804878,69336fc7d846a79fd49be0b1788d731f0f2227e4,US,MI,35,Home,auto
676.625,760.0,679.70833333333337,9e52140a4bb1a80ee83b0dcf2785e7bf5b6cd7e9,US,MI,35,Home,auto
725.16129032258061,730.9677419354839,728.741935483871,137ec0a0d76ddf7654dc65c481ba0d54171d54d9,US,MI,35,Home,auto
738.421052631579,740.0,740.0,966986ca84ae2c8ec42463d88088c4b641007445,US,MI,35,Home,auto
684.80645161290317,819.54838709677415,660.45161290322585,8d9ee169c163ab9b75e20f41078b36457a0af478,US,MI,35,Home,auto
677.54347826086962,750.0,680.0,73f72f3ac32f774fa6e3c0e10a4549d02164476b,US,MI,35,Home,auto
670.025641025641,700.0512820512821,670.0512820512821,2880af8331232095e0a0126e10bad5298aa68721,US,MN,35,Home,auto
683.21052631578948,740.0,690.0,eee41ec4ef27252fb25a3a3c0b23349791c907ea,US,MN,35,Home,auto
680.36363636363637,820.0,660.0,e4088ccd7a08633f6548e046468a48551cf4c76d,US,MN,35,Home,auto
677.75,759.46875,679.46875,375953050061dd08b1a2ea418bc3b79bebe8312a,US,MN,35,Home,auto
695.5333333333333,694.3,694.3,b77192225f446951984c405afca39eb6a34ddd50,US,MN,35,Home,auto
670.47826086956525,660.0,660.0,c79911ce102f1398ada70f3af3e1e9d609175ea5,US,MN,35,Home,auto
727.90555555555557,730.0,730.0,87c99103e20c17c8ca1a511d9bcc2fa23cb2038f,US,MN,35,Home,auto
725.64285714285711,779.69642857142856,729.69642857142856,d404718a6e19b2de404ebc264c1c896259c59609,US,MO,35,Home,auto
715.859649122807,720.0,720.0,a089b81f7f71790a0edfc7125a4a829e0e2604dd,US,MO,35,Home,auto
694.62777777777774,720.0,670.0,6b1f6de78a4703fa60dfff5511800fc530f042bf,US,MO,35,Home,auto
666.0,680.0,680.0,8bff1c0cc73f36a5d2778831a3980a82d58a9e9f,US,MO,35,Home,auto
730.91666666666663,700.0,700.0,b3ad09217b5598dd5be3098b132d3444fe6d5e1c,US,MO,35,Home,auto
707.54166666666663,716.54166666666663,686.875,be1ee514ea27c954382c1a576b3c788ae2ea0754,US,MO,35,Home,auto
664.52475247524751,730.0,650.14851485148517,6849a4c4972cd69b18b2fc10fadc9d71b72015b0,US,MO,35,Home,auto
701.68518518518522,700.0,700.0,4046cc7309df3eae6f09eb54d38a52729fcc1495,US,MS,35,Home,auto
766.34848484848487,730.0,770.0,13aaf2c3ca9b9bb68383c83d201a95919b45efe1,US,MS,35,Home,auto
686.25,720.0,700.0,1f2e67a620f828accede938c030503eead9ff3a9,US,NC,35,Home,auto
617.093137254902,773.0,620.0,f27e2f012391952361c2a035eb81cd6e2eb926cd,US,NC,35,Home,auto
675.14583333333337,788.0,662.0,2962ef003545a5a573ca83eeef556220a45ebb51,US,NC,35,Home,auto
706.44166666666672,760.0,704.6,90455ad24ce2c9030cff269f9e19389721ac7985,US,NC,35,Home,auto
695.80882352941171,750.0,700.0,13af184cc53d8b37c817fa9813faa1b5a9504fd0,US,NC,35,Home,auto
679.1269841269841,680.0,680.0,4b2689fcf237e48c77db1a00a540acd10f6126c2,US,NC,35,Home,auto
725.23529411764707,730.0,730.0,63bddae4f4f50705d41a657786c28d071c8a503c,US,NC,35,Home,auto
673.02777777777783,750.0,670.0,e94fa82d1dd03294236d667279a3ea71c7c1e44d,US,NC,35,Home,auto
707.4905660377359,774.433962264151,714.433962264151,53dc1992e8b3b32e8815116a26047165ba16a00d,US,NC,35,Home,auto
676.5,680.0,680.0,32cc70890313ef3a5170bdb655e37a9e43922400,US,NC,35,Home,auto
609.140625,608.38541666666663,608.38541666666663,f9f9e26e077729193722cb33e93ac2fc6db126ce,US,NC,35,Home,auto
658.425925925926,780.0,660.0,db9e9158ad18c4bc570f53753eacd4a76f156de5,US,NC,35,Home,auto
697.5625,700.125,699.58333333333337,b2937cb3091ec5d0f6fd18728273ae48099a782c,US,NC,35,Home,auto
723.025641025641,732.75641025641028,729.56410256410254,daaca2774891449d39bdec93953ce087707f17eb,US,NC,35,Home,auto
667.5,770.0,670.0,5269c4fba5d1ce43be0b12fe5d486c9d5bbffdfc,US,NC,35,Home,auto
691.26315789473688,752.21052631578948,702.21052631578948,007cdd82d7747e9a85dfc0616574a29adc8b5804,US,NC,35,Home,auto
667.20289855072463,690.0,660.0,f7e7becbc52007bfc709bed8e56930433856e20d,US,NC,35,Home,auto
672.92,730.0,670.0,397ff2adf0ccfdd463ca6ea7b4edbaf6e3f1dd52,US,NE,35,Home,auto
677.12777777777774,690.0,680.0,420aa964cfc909352845addc3d1e00699444162e,US,NE,35,Home,auto
675.73684210526312,730.0,680.0,89d1333ab2a46ce0b691b9b804c9dd61e64748e1,US,NE,35,Home,auto
675.64705882352939,780.0,680.0,30a72754ace68bd6ff23af0c32a441fb466703f2,US,NH,35,Home,auto
716.79861111111109,720.0,720.0,3cc02b77759a5e873aa0fee1b9244dd02a966507,US,NH,35,Home,auto
685.46296296296293,690.11111111111109,690.11111111111109,d261f4973aea2f2f5f4b464df3f6b06c164d5edf,US,NH,35,Home,auto
595.48888888888894,820.0,600.0,e6023ec9463283cdb2ab8a03592be906fb559930,US,NJ,35,Home,auto
655.51552795031057,670.0,659.9503105590062,bb1c2d96e2d1f67461e9a0adfd9e716d0f691f4c,US,NJ,35,Home,auto
689.69047619047615,697.76190476190482,697.76190476190482,d4bd530b41ec48f8be1b05ff268f961721ba52af,US,NJ,35,Home,auto
591.17708333333337,820.0,600.0,980ad66ab40366136ac48882a3e06749e02b8655,US,NJ,35,Home,auto
702.86394557823132,710.0,710.0,f346940dff4b040ba1899ac594831586e7e4e9f6,US,NJ,35,Home,auto
637.49720670391059,752.54748603351959,633.29050279329613,d7eea4eebc245222755393166a0174b3362368b5,US,NJ,35,Home,auto
686.81818181818187,683.36363636363637,682.81818181818187,0e7db9d705b52209765465b61d8fd3cec5aec7ee,US,NJ,35,Home,auto
684.75,720.0,681.58333333333337,f24abd567d29d63a17c209ef39253c24ad1d0268,US,NJ,35,Home,auto
679.17777777777781,669.2,659.8,22e69047253b473008fcbef9e6e9a998aa1eccd4,US,NJ,35,Home,auto
721.8,828.3,707.8,bba5d3aa4933a44e06c7a2b30ff876c6c25e3ccc,US,NJ,35,Home,auto
723.0625,710.0,730.0,3b99567f2e2a01c8dc419d01405956b3f681a4d7,US,NJ,35,Home,auto
716.54166666666663,720.25,719.875,1fa064e99f9c556ceceea461cd236644d6dcd165,US,NJ,35,Home,auto
675.49504950495054,739.97029702970292,680.0,2fcafdc6119e35c81557201ac4e2fd3547d005e8,US,NJ,35,Home,auto
674.06153846153848,675.47692307692307,667.81538461538457,a2a2565642e4104dd40c4481eaee1f4cbda54b93,US,NJ,35,Home,auto
655.16666666666663,739.63888888888891,660.0,34be377c46dc9175babc492ea5264338b50702db,US,NJ,35,Home,auto
674.58394160583941,714.54744525547449,662.65693430656938,bbb6150cd6ca9380cac81fa06fb6bc61e1fb2618,US,NJ,35,Home,auto
612.48795180722891,759.98192771084337,620.01204819277109,d106994e36f6f8eb8c1792e74c0fdae34e02fc15,US,NJ,35,Home,auto
717.758064516129,710.0,720.0,2cfa4922974d4c39d9431e4d8d8348df87b0c0ae,US,NJ,35,Home,auto
705.568306010929,680.0,710.0,5f95b4321c1df265c2b229c80ed5e4d9ee4808d9,US,NJ,35,Home,auto
702.18534482758616,769.77155172413791,689.61206896551721,0ec51b6ac76933e8ca30d8963d6d71d43a266f61,US,NM,35,Home,auto
673.978102189781,681.56204379562041,677.23357664233572,7b583a323c93749742ef5241e3977afba5fcff5e,US,NM,35,Home,auto
749.22222222222217,780.0,730.0,b8a26865a118a3076a49cef33168856af3da8732,US,NV,35,Home,auto
745.75882352941176,810.0,759.7294117647059,b09a22b05b7d08173aa1885eb9754ef1adba3d10,US,NV,35,Home,auto
671.936170212766,730.0,650.0,80ee44898132c1f38fbdfc96f2e69bc019fe69f6,US,NV,35,Home,auto
600.10416666666663,650.0,600.0,6384bba131c73e43d79f512fe8c58ed4e77dae36,US,NY,35,Home,auto
677.82905982905982,730.0,680.0,17d1a8212210529eabf1dccbb75ab444599fe45b,US,NY,35,Home,auto
761.54285714285709,810.05714285714282,770.05714285714282,c26eabbd0ea3ff7360555a1c9bc23a4ddac0c50b,US,NY,35,Home,auto
686.8026315789474,685.78947368421052,685.5,13498ac7cdf98e645e2abaf339cfee3eca2bd0e3,US,NY,35,Home,auto
720.34567901234573,700.0,690.91358024691363,343da29c657afc05745ebe12bd27c47bd92ab73c,US,NY,35,Home,auto
727.52631578947364,735.36842105263156,726.84210526315792,3fba3c2c7187e9037a1f2300662db5893509568a,US,NY,35,Home,auto
679.68571428571431,697.45714285714291,697.43571428571431,f9a949bb81e7ccb8053533eb589766ae5180766d,US,NY,35,Home,auto
682.92391304347825,660.0,660.0,669db882204115cc0e7158fb20772daba09357f8,US,NY,35,Home,auto
692.9,700.0,696.33333333333337,9337f1a9c1629755769d19505328f662fe481151,US,NY,35,Home,auto
688.66666666666663,820.0,640.0,aeb58b6179272a8e294a1282732784d6c4cce1da,US,NY,35,Home,auto
693.16666666666663,800.0,689.0,cd8dc89f0fa4607c42cd0865459e074d49a70bbd,US,NY,35,Home,auto
726.88461538461536,730.80769230769226,730.80769230769226,0e4c18e0c4451bdff06a4600155f530e216d4a2c,US,NY,35,Home,auto
681.25531914893622,737.30851063829789,673.44680851063833,12ddb5fc8a836b47161e409460c3066f9df18e41,US,NY,35,Home,auto
618.1640625,614.875,614.6875,27c6ac3d3a1a26128a0af4e63017c8d5d68c40c2,US,NY,35,Home,auto
665.84210526315792,780.0,630.0,43027d11b5857b0654dbce1f6708b9db0da87238,US,NY,35,Home,auto
691.8,683.73333333333335,675.73333333333335,6c1fa82b73ab2d2afd1a7918dbd7f3da975b379d,US,OH,35,Home,auto
644.50490196078431,720.0,650.0,f9d4f0ee39977ab3437ead9e959a3e6d2ca1634d,US,OH,35,Home,auto
673.483870967742,750.0,677.95161290322585,8ed18cedc8635e6a6bd410d0c9c479293a8e64fe,US,OH,35,Home,auto
713.66666666666663,710.0,710.0,d6a5efa679c299a2d7b8c64aad4fdb704f9db0f2,US,OH,35,Home,auto
696.16666666666663,715.0,699.88888888888891,a0c2da98da401db40e503f25ce42c343f2de291c,US,OH,35,Home,auto
652.04395604395609,660.1098901098901,660.1098901098901,a40c4dc641aa1542253b289de64659bbd9882a2c,US,OH,35,Home,auto
682.27868852459017,750.0,690.0,8d8cf6562c9303a434fe64c18ee29da507c7e918,US,OH,35,Home,auto
706.75980392156862,747.83823529411768,697.83823529411768,9b5dbdf8f9f9bf24535b0e8dda631cd36933e232,US,OH,35,Home,auto
700.88666666666666,760.0,760.0,c02fc5b212606f1d8aa414105f33d84a3a7df051,US,OH,35,Home,auto
691.60194174757282,805.00970873786412,661.65048543689318,56c40f9fd2f9777e8a82083bdeb05a6332395459,US,OH,35,Home,auto
715.28888888888889,770.0,720.0,a7fbbb09ebc1569ad4d23c226db968de77d0bd31,US,OH,35,Home,auto
716.10416666666663,719.9375,719.35416666666663,bf6e7ca60fe2138439920c6b93177c3717591dc1,US,OK,35,Home,auto
703.2,783.4206896551724,708.06206896551726,040beb34d735638b826bab3f8edd7d202b29a643,US,OK,35,Home,auto
657.88888888888891,750.0,660.0,dc94ba1732bbc5219faf6eea148240114493f53f,US,OK,35,Home,auto
726.80303030303025,810.0,720.0,3bef806acb4ded8956f18c375d08c29b4f4d825c,US,OK,35,Home,auto
691.41984732824426,761.75572519083971,693.824427480916,c4a15e5674f727931b0387957da320e74593a70c,US,OK,35,Home,auto
669.5765765765766,734.8648648648649,672.16216216216219,bbcee6ff50e5ddcac0b27fc070d11de70e6c0ca3,US,PA,35,Home,auto
642.0,676.0,676.0,051575aa693e7c48eb9634a0383652c0c6212787,US,PA,35,Home,auto
675.93627450980387,680.0,680.0,ea461fd3443a48adbc39eadd03c79d9eba2bd8c2,US,PA,35,Home,auto
688.8,760.0,690.0,532d35c6e3f399ea017f8668f1641fb1f22bbab6,US,PA,35,Home,auto
682.64236111111109,690.0,690.0,9f615ebf031f0d5bfb06e48dc4167d09a831f4ec,US,PA,35,Home,auto
674.123076923077,740.0,675.46153846153845,81e7fe8315d6c1630ab52534c2e97dbf041cd9e2,US,PA,35,Home,auto
644.90909090909088,738.060606060606,719.5151515151515,5fb81cfc6ae742452f7c01b16565cff22550852d,US,PA,35,Home,auto
698.61111111111109,710.0,710.0,66c350d531ea27708da0edb3c9c94e99ee5f4bf6,US,PA,35,Home,auto
727.9,730.0,730.0,0da6d84db5f61973b5e86fc21a987ffcb94345b1,US,PA,35,Home,auto
629.60416666666663,630.0,630.0,6a7159b2184087ae9ea904878b5cda62c95f65fc,US,RI,35,Home,auto
645.26470588235293,650.0,650.0,c424837f8c54d01411b7b6e8e0f572eb6e08c389,US,RI,35,Home,auto
666.33333333333337,665.33333333333337,665.33333333333337,3b2a5641c1762c71c8bd193b83073c49500f2d51,US,RI,35,Home,auto
657.09090909090912,818.81818181818187,689.68181818181813,6748bad1ca80f5fcd3a9b0ace1a50dc525ae6924,US,RI,35,Home,auto
688.88888888888891,692.50347222222217,692.50347222222217,b030451472675d2843724c1ea1e2df2386daf60c,US,RI,35,Home,auto
684.65625,730.5,680.5,75c51bb0233db3beb2c968077b867481f1fdaad4,US,SC,35,Home,auto
677.0,737.77777777777783,681.11111111111109,338205a24d98a6e8cd61af664dc6633c05185121,US,SC,35,Home,auto
716.47222222222217,720.0,720.0,ba36fff1f3f83c7b1e0f52181d5b4acfa786880e,US,TN,35,Home,auto
621.83168316831689,693.37623762376234,624.02970297029708,d8a0d5a8933f9b660d8d2be8fe2141b9c5c39689,US,TN,35,Home,auto
677.0,750.0,700.0,c542d5fc57789e494919695f7a2b3dce4a897d05,US,TN,35,Home,auto
564.0,730.0,600.0,0609dfd050a038e9177f101eb581299b782aac10,US,TN,35,Home,auto
696.5,709.5,709.0,a9b2c314f56f62fbb63e670b26f680527f40dd72,US,TN,35,Home,auto
634.77777777777783,830.0,620.0,d4ba20804c3dfbb4e24d4dfe18c778a6f29d06d1,US,TN,35,Home,auto
655.0,732.66666666666663,637.33333333333337,b09439727b5a887351550994eba5dc6c2bf67a2a,US,TN,35,Home,auto
667.390243902439,769.560975609756,633.04878048780483,3528c88c5a472c8c54a041a10cad3f684d487ea7,US,TN,35,Home,auto
666.7954545454545,670.63636363636363,670.27272727272725,c31f74a410976951be2f1a3ec080f714ab9d945a,US,TN,35,Home,auto
681.70114942528733,650.0,650.0,43844b9541a688d2f00de6a84468bf296e7e4d34,US,TN,35,Home,auto
700.54166666666663,720.0,700.0,d8713e98ba58e89fa2d280a48eeabce2a62e2eb3,US,TN,35,Home,auto
729.32258064516134,799.09677419354841,741.58064516129036,ecdbc19a94e9bacb9f59d7ac0dda65f3e45c310b,US,TX,35,Home,auto
745.10476190476186,749.86666666666667,749.86666666666667,20c2b2a1b0113a19de38f6512f76412a5046d155,US,TX,35,Home,auto
664.29914529914527,735.0,665.0,e73caf7a86bf70fbe63da8d776872136d9fa53c1,US,TX,35,Home,auto
706.47887323943667,790.0,710.0,7241a526670603580450e3996881135b06dbb8a5,US,TX,35,Home,auto
699.4,808.4,696.2,ca6466bb2343285e6dbd088f25ea7286b8d95b47,US,TX,35,Home,auto
672.61333333333334,730.0,670.0,d4978c119121eeb2a7d5e08b5f869aab14aabb63,US,TX,35,Home,auto
710.48876404494376,780.0,710.58426966292132,d2fc3a333785e7ea01a9bfdea4968b463deb2b81,US,TX,35,Home,auto
656.7166666666667,770.0,650.0,27045f2df183f8d3fd34a846baac18fea92aa63a,US,TX,35,Home,auto
696.20833333333337,780.0,700.0,9046cea91cc74d7a40cbb57b055f86124cf42b02,US,TX,35,Home,auto
686.70833333333337,690.0,690.0,d6f0e9ec0a25d09eee9949f1a6e74edd7227dae6,US,TX,35,Home,auto
685.21739130434787,780.0,680.0,0119aea2dd260593a714aef81229c33b881b1802,US,TX,35,Home,auto
730.0454545454545,774.06818181818187,724.06818181818187,9763e519e05fe4ac4daa794c407bbc693c910493,US,TX,35,Home,auto
721.695652173913,717.56521739130437,721.08695652173913,9db929fb8ce5d48b3b87a52335da12927540bb9a,US,TX,35,Home,auto
677.9473684210526,730.0,680.0,df742797b890f4778c47a4947f6df5f9e97cd545,US,TX,35,Home,auto
636.33333333333337,790.0,640.44444444444446,15afbf02d8f7a0ba88b47e804b5b4483cf3adaf5,US,TX,35,Home,auto
614.0,680.0,600.0,75825372e15c7d9780d9ae01e89123f16b6e0785,US,TX,35,Home,auto
704.47706422018348,742.66055045871565,699.1559633027523,ad4f4daa831513c7cbddf8fb586063a320a98725,US,TX,35,Home,auto
687.125,750.29166666666663,679.375,953197eed85ee13de332aed9d45113e32f55cf1f,US,TX,35,Home,auto
727.95081967213116,730.19672131147536,729.80327868852464,77f5b2956eb4c39a97fb4560710255285024e797,US,TX,35,Home,auto
692.38461538461536,760.0,700.0,35524e0bc4f4e6f06fd4627c00145289c6eb7730,US,TX,35,Home,auto
642.14760147601476,736.03321033210329,636.42066420664207,ddf34c0c48fb43a9085a13b4fb29197120502ffe,US,TX,35,Home,auto
730.63636363636363,728.81818181818187,731.81818181818187,ef8e6df6c53d4a9619928b1322de746ce7b04ce4,US,TX,35,Home,auto
677.0,770.0,640.26666666666665,83b721d395f4dedd5a81b4d5e6e1e5bd0594ad7a,US,TX,35,Home,auto
689.58333333333337,752.0,697.70833333333337,8ea6a0455efff846404dc3a36084cadb3229d459,US,TX,35,Home,auto
717.34285714285716,721.14285714285711,719.31428571428569,eeaaf3c59a4ea00793f49a6eccf2903bc570aeee,US,TX,35,Home,auto
693.5625,691.6875,641.6875,715094aa464412828d0540d20ba9519d5d6c464a,US,TX,35,Home,auto
714.95,780.0,719.35,1026efbea848be0c4b033a0bafb6c08f4c728f26,US,TX,35,Home,auto
663.3,659.01111111111106,654.11111111111109,9f92e447d08079d2da8a93de21e60a2917676437,US,TX,35,Home,auto
750.98529411764707,780.0,750.0,e86f4be81a26b7ab9d81449930ba827b7a72c7d7,US,TX,35,Home,auto
688.92233009708741,699.55339805825247,694.02912621359224,f5fa98c52278285d16de305825004cbf538762c0,US,TX,35,Home,auto
720.11111111111109,789.11111111111109,719.5,6918fc22c065096b81c0aabea79d8c05e45e39a6,US,TX,35,Home,auto
689.86885245901635,760.0,690.0,7660224f3e855f135252f09093e9bd4624a9b3fd,US,TX,35,Home,auto
678.38888888888891,680.19444444444446,679.61111111111109,06745de649aadeeabf1676ea1a2f945c98d11e21,US,TX,35,Home,auto
718.75,750.0,720.0,88f90ca32e649e21991836a1e40839d32effbf2d,US,TX,35,Home,auto
637.756345177665,820.0,790.0,5d067c68baffbbffb82a7b4eadd5b79306ce4b92,US,TX,35,Home,auto
688.3805309734513,730.0,689.40707964601768,2170876fcf6b638faeb355fe8fbe7e2bffd7c695,US,TX,35,Home,auto
676.70833333333337,680.16666666666663,679.58333333333337,be694deb1b08a33bcb7a5301f6434b612a9693c5,US,UT,35,Home,auto
676.92647058823525,730.0,680.0,ccb3deffad9f9bb052f58a42d136e2af59ecefd6,US,UT,35,Home,auto
717.04166666666663,720.20833333333337,719.91666666666663,05c878c194426e003e237f2260396f1d104d3f50,US,UT,35,Home,auto
680.48863636363637,678.875,678.875,a4e0fcf22dabee2aadd8699e259ffbb676968268,US,UT,35,Home,auto
654.763440860215,651.35483870967744,651.35483870967744,3cddcf9821708b550d9c104b5719f53a52f45afa,US,UT,35,Home,auto
682.5,712.0,695.0,faa9c2c0319758d0b89075cbb4b7bc43e3269e38,US,UT,35,Home,auto
680.33333333333337,682.16666666666663,700.66666666666663,2e2ce39197aa975478670e1edb6b827922fa34b1,US,VA,35,Home,auto
714.1,770.0,720.0,f0873bf33988cde14659bf47ccd681506e6172f4,US,VA,35,Home,auto
688.72972972972968,699.75675675675677,699.75675675675677,4f83d2f450a8bbafb3429205ae09d1c3189769f2,US,VA,35,Home,auto
730.37037037037032,740.23456790123453,739.79012345679007,4211ca01ee49dc89823b2edc8dca94c07f66e225,US,VA,35,Home,auto
697.70833333333337,710.75,709.20833333333337,bb467587e21e384aadb4bce17eb5e63a28fd8d94,US,VA,35,Home,auto
647.27941176470586,650.0,630.0,21ae1f3957b66e543d0d993c3c71f44d5e169dc3,US,VA,35,Home,auto
687.46052631578948,699.76315789473688,699.76315789473688,b49e1e8b16d488e081d4b52f470511e97f53928b,US,VA,35,Home,auto
711.09696969696972,820.0,720.0,176df46422e877eafa284327bda947b01cb5b139,US,VA,35,Home,auto
663.00662251655626,659.58278145695363,662.5695364238411,cdafa14b601ba72745665fdf73ebfd2d6eafc26c,US,VA,35,Home,auto
685.18461538461543,760.0,690.23076923076928,8f4928988b8d869f73f922b6fb805b5f6fba5a50,US,VA,35,Home,auto
715.52941176470586,720.0,720.0,0822a16d06f7cc87d1f7d539f0b1bb3a9e3d8645,US,VA,35,Home,auto
582.203125,689.609375,688.71875,fb347470cc58a8b246c8ae58ad4a1072d76382b1,US,VA,35,Home,auto
727.16666666666663,800.0,730.0,4f9cdf3263dc37e29e7d06c77c75b96dfd4c0dbf,US,VA,35,Home,auto
696.21428571428567,800.0,699.0,e99d386ecb468a809634e3dc83a075e630790b20,US,VA,35,Home,auto
685.28125,702.375,699.40625,274a8034c95dad307aaffa064e9083ef85ce8bbd,US,VT,35,Home,auto
686.47826086956525,780.0,699.86956521739125,9254d940b2a53d3e7ccba105c0401793d669278f,US,VT,35,Home,auto
678.89166666666665,735.20833333333337,685.99166666666667,3bfaa4722464d6399494690efdc6f9258e5c0951,US,WA,35,Home,auto
708.16666666666663,758.16666666666663,712.4666666666667,e35024843dc0200d0f6bba982f3a1afcff46d758,US,WA,35,Home,auto
663.68421052631584,819.78947368421052,600.21052631578948,54ebdc8f7c4ed278f90fd5b80f94121a9b0acd7f,US,WA,35,Home,auto
712.79166666666663,720.0,715.0,fe2dbed8816ca262b4b2cdee60b937304017deb7,US,WI,35,Home,auto
698.33333333333337,760.0,700.0,1c84effb1816f63194041c911a7e372c4a5d9ecc,US,WI,35,Home,auto
683.8480392156863,680.0,680.0,c3052150ca42b76db5b139da4c7722581507784b,US,WI,35,Home,auto
676.26666666666665,683.4,678.86666666666667,9a7343aa22f4659428bffa803ab26f2380161a22,US,WI,35,Home,auto
696.13333333333333,735.0,700.0,f4e4239cbf5a75c5066442ae199b45043f2900ee,US,WI,35,Home,auto
631.2347826086957,801.46086956521742,613.90434782608691,1116f20ec4efd19a3d0ed7831b35252c70630225,US,WI,35,Home,auto
695.77777777777783,740.0,700.0,563c6c1dafac570e88c2c9b92e3d9c5d78ea2c49,US,WI,35,Home,auto
722.5625,765.0,740.0,9821a3beb603b06956ca7a8b27c9b53c5883e15a,US,WV,35,Home,auto
714.02941176470586,719.58823529411768,719.58823529411768,f3b865a8ea305b2afa22e5280eed5786274340b3,US,WV,35,Home,auto
685.27430555555554,690.0,690.0,995e1c96a74ee2cb3509db751eb6310b63e5aa94,US,AK,35,Home,hold
598.53431372549016,650.0,600.0,dc1141e5abc6b3fe4a662de28b2176e6a9bfc6d5,US,AK,35,Home,hold
679.33823529411768,730.0,680.0,7b849c281dcfa59af5eff134384af326e77e242d,US,AL,35,Home,hold
729.7889447236181,732.3417085427136,732.3417085427136,94d999b7a30880e9df13d36f14c6773ed037233f,US,AL,35,Home,hold
722.63235294117646,720.0,720.0,afde87b48a35fe24b9419ba3bd127bb052992587,US,AL,35,Home,hold
701.5,700.0,650.0,47b2cff3a68bf2a58af49327b923c887489a6074,US,AL,35,Home,hold
717.1,717.2,715.3,57d4f0cacc624ab65be2cdd7ba7f76cb851f4a6f,US,AL,35,Home,hold
696.9,740.0,708.7,954851b5e2abc5b0bf0836b8b3723cc8343470d7,US,AL,35,Home,hold
790.5828877005348,800.0,800.0,1ae4e1e18ec80cff77129b3cc72bcab014984aa4,US,AR,35,Home,hold
690.625,704.59722222222217,689.66666666666663,2fa646a4613c5edf2e4cba2ca5fab21d92fb10a1,US,AR,35,Home,hold
678.98529411764707,745.0,675.0,71783f6ef55f97d633d7afae3b9cc8843141c708,US,AR,35,Home,hold
692.91666666666663,701.66666666666663,699.33333333333337,6c0329ba1600f6fd40bb2e72fa4060bcdd0f66b2,US,AR,35,Home,hold
693.25,691.0,691.0,95f967963817dc2e507ce4ec6b012006fa58067e,US,AR,35,Home,hold
719.53254437869828,720.0,720.0,560804adcd08680ec2a33395ddbc0a1a8aaaa3de,US,AZ,35,Home,hold
673.51351351351354,678.59459459459458,674.94594594594594,0b863cf5b87f27518828242f885d9011e81a64f9,US,AZ,35,Home,hold
714.639175257732,703.46391752577324,703.46391752577324,0733a3453a94740c31cbad52b9d78ec363d3487d,US,AZ,35,Home,hold
726.4375,730.0,730.0,c8957c890b71cb7842ab5304570d70629ee9ff64,US,AZ,35,Home,hold
705.22916666666663,710.91666666666663,709.77083333333337,b1e2c1cff30e24b506ea931883d40fc34bcbb1a2,US,AZ,35,Home,hold
731.59090909090912,728.78409090909088,728.78409090909088,aeaa7acebb15ba5b690a877b0004f3ff33d578f1,US,AZ,35,Home,hold
723.24019607843138,710.0,710.0,aa969b7f663b62c6a66c7ad2d00fe27a1f2e92ba,US,AZ,35,Home,hold
712.78571428571433,760.0,690.0,e31e3b52d767d0a1834741598fd7fb8078efac0f,US,AZ,35,Home,hold
732.95555555555552,724.85,724.68333333333328,9de214f1ac66688e519c445095edcd5d2607c205,US,AZ,35,Home,hold
722.71428571428567,723.9795918367347,721.61224489795916,76039faabe062870d37d4f75722d1070573e9c63,US,CA,35,Home,hold
693.84146341463418,686.34146341463418,686.34146341463418,d043752442f59a1f8e264605475cccd3cdbc9336,US,CA,35,Home,hold
723.53968253968253,739.49206349206349,739.49206349206349,965450d7dc2e1d95ba0fd4e45d4482b72ffc7744,US,CA,35,Home,hold
732.74019607843138,720.0,720.0,e36171f8ef61e35963942847cbfa3886d5eb7bd0,US,CA,35,Home,hold
696.8125,783.75,676.125,f4c01f301304b3b4f58972813d89ef175e42a183,US,CA,35,Home,hold
675.578947368421,650.0,640.0,c26e08d956c88bfe6555c510638f9c43fedac09c,US,CA,35,Home,hold
711.8415841584158,709.61386138613864,709.61386138613864,36497337558d1292730dd5db54219722a51e86e2,US,CA,35,Home,hold
711.95,720.0,720.0,d5a31ba0fca9ecf5461a68d315a9aa447f2b412e,US,CA,35,Home,hold
731.27222222222224,730.0,730.0,cef32685bc5887e99d38bb01c29d80f416d9d34c,US,CA,35,Home,hold
639.78666666666663,750.0,640.02666666666664,3091875bfdea70d7d842f4689e7ee58dc0aaacc7,US,CA,35,Home,hold
727.30208333333337,730.0,730.0,be7a368e5b135d5f681431bdf974c6b70fb21f29,US,CA,35,Home,hold
711.2,840.0,710.0,3dccb24b4fc3ef71c7e68f0d155b41714a670f06,US,CA,35,Home,hold
719.80519480519479,722.74025974025972,722.74025974025972,c0d8a28e25243e15d6b62929bda6f5fee1913807,US,CA,35,Home,hold
670.61764705882354,820.0,671.89705882352939,2075f62872a11d492f3eb4fe99f7e32bbd505f3b,US,CA,35,Home,hold
698.472972972973,693.60810810810813,693.60810810810813,82f8d8526538905773f87b7007000faea92df5da,US,CA,35,Home,hold
717.0198675496689,720.0397350993378,719.94701986754967,a649fc8ac81b8d239be5c28fc5cd080f8df96bbb,US,CA,35,Home,hold
626.15972222222217,650.0,610.0,294a1cce698c8c8d6596fda7503c0578e0ca4422,US,CA,35,Home,hold
733.56716417910445,792.47761194029852,736.20895522388059,daccf2379e81b00365e277c53232cd92872d0ffc,US,CA,35,Home,hold
649.55862068965519,780.06896551724139,648.551724137931,ef003553a13728bdefa0030f226040759f640eab,US,CA,35,Home,hold
685.76388888888891,690.0,690.0,1ce8f3c765573261b4487d11623854bf91bcba94,US,CA,35,Home,hold
699.26086956521738,700.0,700.0,334ee7b8a1a818dab6abf3be26be2f279fa73fb0,US,CA,35,Home,hold
701.47058823529414,770.0,679.82352941176475,84196346522694264a154411f5ff94d4ea546ddc,US,CA,35,Home,hold
740.61904761904759,780.0,720.0,f44a6e02fbe2665f8a94f3009d87b6ed49f31635,US,CA,35,Home,hold
703.8650793650794,760.0,700.0,d35972513d691e6481cfae53f535da6de5a122be,US,CA,35,Home,hold
716.86956521739125,719.94927536231887,719.94927536231887,d950c43881663cab8289b1c48a15deddd47b9636,US,CA,35,Home,hold
690.08333333333337,690.0,690.0,adc1eb5fefa1446cdada9881c53de63d39719e61,US,CA,35,Home,hold
725.24,780.0,703.64,dd714f1eaf7295d68662bb808a5c3a78c3a4d0bc,US,CA,35,Home,hold
673.58333333333337,790.0,660.0,ed5780f87ec4261ecd778ed2134ca58765c804c8,US,CA,35,Home,hold
672.656862745098,780.0,680.0,218ced1166c8d633ba19310e6bdcd8427143f1f8,US,CA,35,Home,hold
699.2,703.76,703.76,0de07fdb4d2379074473177d597ae653ec0c4085,US,CA,35,Home,hold
702.25,690.0,690.0,851e62808b64c58c5e2ee9ed32531d53d37bc078,US,CA,35,Home,hold
693.43298969072168,667.18556701030923,657.11340206185571,8a983d25b976f32fc6da05dffdf6996a8b22f760,US,CA,35,Home,hold
692.03910614525137,690.15083798882677,690.15083798882677,501be9a18220d13a7016d6445a8539c2b2b2169f,US,CA,35,Home,hold
695.74761904761908,700.0,700.0,2031094b0495a41228872a3a2546605ba1de60aa,US,CA,35,Home,hold
695.204081632653,700.9387755102041,700.77551020408168,556345864fe4773ee05a59a68c7c685df1ccdc99,US,CA,35,Home,hold
705.0,730.047619047619,709.85714285714289,ebd3df97e450a95de8b52bed6fc240a0f36806e7,US,CA,35,Home,hold
733.625,814.25,742.375,b8564fabb4405e9a4f91ac8120552269d6419f68,US,CA,35,Home,hold
721.99305555555554,744.50694444444446,744.50694444444446,c4593a2ca6f8cd480205c567d19d2d7aae194cf7,US,CA,35,Home,hold
641.39930555555554,770.0,670.0,c8309655a8242cf7ae0091329ae2e7b31f05c80b,US,CA,35,Home,hold
689.125,702.0,699.33333333333337,ff6f50e64b25ca7f46e9999768853d4172f001e9,US,CA,35,Home,hold
666.625,770.0,670.0,957f5e10b6fab62a7fe9bb5c49a378ed84765223,US,CA,35,Home,hold
747.5,799.95833333333337,749.91666666666663,5c98e529edcfe9474146a91656298daa40a328a7,US,CA,35,Home,hold
686.40983606557381,686.06557377049182,686.06557377049182,243b75051d13935dfc8ebd00e0af476503c4f2ce,US,CA,35,Home,hold
680.82857142857142,684.2,682.0,bcc9d265f7820c38d6d58e5d6e77e639453ff1ce,US,CA,35,Home,hold
665.55555555555554,781.77777777777783,664.66666666666663,9eea4f9b6e70c7f18919608e31f4127fb9c0befb,US,CA,35,Home,hold
684.17391304347825,675.0,675.0,5a8836deea067e3dcff42feb33cd969cf956e27c,US,CA,35,Home,hold
656.48611111111109,678.0,660.0,fa8e05ff3301708edb782e2d1cee35859f2e79af,US,CA,35,Home,hold
685.83333333333337,820.0,689.80952380952385,9617c3e3973000ab1141a2935b01f57229b9bb1d,US,CA,35,Home,hold
696.35211267605632,760.08450704225356,699.830985915493,d1683823017909f1c6c93cb8488033230228a812,US,CA,35,Home,hold
700.44444444444446,780.0,710.0,2eaf92f781c645084e804c2625a5ade2575b013c,US,CA,35,Home,hold
733.73333333333335,790.0,737.9666666666667,2909c94b5889b475c09c510092cf1db2eae0d658,US,CA,35,Home,hold
738.16666666666663,790.0,740.0,ed935659ecfdcca97a17541cdfdefd008883b52a,US,CA,35,Home,hold
696.28787878787875,687.66666666666663,687.66666666666663,671a27122416b0473935475513fabcb4488f1f57,US,CA,35,Home,hold
729.04419889502765,727.08287292817681,727.08287292817681,40774c790e5e5c8907e1b9a69814b006d0ec4068,US,CA,35,Home,hold
725.80769230769226,750.0,750.0,e2325c70d6cea4c07f883584d842b163c4da747f,US,CA,35,Home,hold
700.38554216867465,671.0,671.0,5981b2128afc837b5049ccdf5006cab0243e1b3f,US,CA,35,Home,hold
686.025974025974,765.57142857142856,664.74025974025972,f6bd1f5e48aa66006d158b79b46984bc8dec897d,US,CA,35,Home,hold
715.5,720.07142857142856,719.95714285714291,e6189c55f9a3a2ccc4b0a10b5fa30096917d8c96,US,CA,35,Home,hold
688.0,800.0,690.0,f7adef56d93fc8c7b5137fcfd7cc15f263ecbe37,US,CA,35,Home,hold
666.2,670.0,670.0,23ebc782299181e97cf40c193542fdd65cea7089,US,CA,35,Home,hold
673.41666666666663,678.03205128205127,675.59615384615381,30969c6e7835ad876c082ae305e5aae7f15f2498,US,CO,35,Home,hold
714.96875,714.5,714.5,8c3ef410d505fef9f3c45839e07fa7ec788d0388,US,CO,35,Home,hold
675.6875,670.0,670.0,0bdb48a10de4586bf990189f1a75dcec9546db3c,US,CO,35,Home,hold
693.81034482758616,666.80459770114942,666.80459770114942,313e3fa5bd5725cc099cccb7f6386d5007bf6c01,US,CO,35,Home,hold
648.5,670.0,670.0,62522b7387b2ceb147156ba941d68af71a43dd65,US,CO,35,Home,hold
719.65151515151513,748.0,718.0,ded67a7941bfb6011909ec831273cbf4800c40f8,US,CO,35,Home,hold
656.60416666666663,650.0,650.0,04c780064f9f26e0b2848eca0b614e36db6ef3e7,US,CO,35,Home,hold
743.46448087431691,736.31693989071039,736.31693989071039,ae3cfb62cd6d4bf4299e0ab38ccb01641b64796a,US,CO,35,Home,hold
714.91666666666663,720.0,719.95833333333337,f3f30c138300a7526a184a42f30002b000d3c25f,US,CT,35,Home,hold
680.91666666666663,810.0,710.0,36a9107c748c82e6e19a1361ff1a5edd3932af2a,US,CT,35,Home,hold
666.0,671.5,669.0,86b0ac3d2ae07fad9f36f3eb04e8d1ff5e48511e,US,CT,35,Home,hold
680.58823529411768,683.48039215686276,683.48039215686276,42dbed05284094c1f80b27e1c61a4ffc34cb96e0,US,DC,35,Home,hold
677.21641791044772,674.20149253731347,674.20149253731347,a89ed5c21dad08c99ec5b0d456d4b20064e1a8be,US,DC,35,Home,hold
674.51470588235293,750.0,662.37254901960785,e468d883842fa6fbe11aec1750970487a796421d,US,FL,35,Home,hold
737.17289719626172,710.0,710.0,0335550f63dd4f7c8ede24a6e07567099b9fdc03,US,FL,35,Home,hold
745.843137254902,750.0,750.0,20e8c077e823b53f2f3d213150fb233c08363c2b,US,FL,35,Home,hold
727.32876712328766,750.0,750.0,dadc114fd11c7eb5f4049090120455b9f2410ce2,US,FL,35,Home,hold
758.38947368421054,770.0,770.0,dfce28775b9949e9f45c76880e94046778007619,US,FL,35,Home,hold
733.97709923664127,732.64885496183206,732.64885496183206,99356ad4fb128b87476a1707810666fcfb351f45,US,FL,35,Home,hold
731.19117647058829,734.06372549019613,734.06372549019613,d1ddf489f027282415f4ad74480f879361a03283,US,FL,35,Home,hold
750.62962962962968,750.0,700.0,f1f38d84d3e4e17d57dab71c70aee13c090e0ef4,US,FL,35,Home,hold
734.38095238095241,790.0,710.0,daefee99843b171ea4327e6227365ecd0986da94,US,FL,35,Home,hold
770.21014492753625,709.70289855072463,709.695652173913,357178943e65946ff25de4712f72e0c82109e3c2,US,FL,35,Home,hold
717.44444444444446,720.0,719.5,30410b91997d9c27a8ebe16865610b0c10e02271,US,FL,35,Home,hold
741.640350877193,750.0,650.0,4d8212d019b8789c014352fc4bb4cd033401a773,US,FL,35,Home,hold
749.92156862745094,750.0,750.0,491fbba239f030a3ae50f5e7a776cad9733f3f9b,US,FL,35,Home,hold
751.36274509803923,780.0,680.0,1322e52c321942008e6ba899fdfff4a1ac6a260e,US,FL,35,Home,hold
729.520202020202,750.0,640.0,0bc9c03b211b93a16633493814d12d09691e8b24,US,FL,35,Home,hold
730.11764705882354,730.0,680.0,1815a2507ad86a1debe3694557f1bf2a00b2fb35,US,FL,35,Home,hold
700.95161290322585,701.81720430107532,701.81720430107532,7d6d6a5c664e881add17e7095218ab6e32b10faa,US,FL,35,Home,hold
721.11949685534591,725.38364779874212,675.38364779874212,b452c6f3a1976bf5ff2d0cdcf7f97bd670404383,US,FL,35,Home,hold
771.39682539682542,779.989417989418,600.0,8699f92960d3367428104005e409f5d21b387f2d,US,FL,35,Home,hold
680.516129032258,681.741935483871,679.41935483870964,f79bdd3708b2e9b9adbf35a895b6b6929351aa31,US,FL,35,Home,hold
747.80107526881716,670.0,670.0,ef7245cc3f1c0b8fcf3e1798e20d132709b0144a,US,FL,35,Home,hold
683.72727272727275,780.0,720.0,22a792ab3133c33c7d1606a3d34a71fe122ab43b,US,FL,35,Home,hold
756.76666666666665,725.0,725.0,0ba092523e946bb04f78865a37f205ffd9b58e8f,US,FL,35,Home,hold
682.33333333333337,750.0,670.0,3cb636bbc1d52835196594028bb0a6c75aa8bfea,US,FL,35,Home,hold
735.28301886792451,740.01886792452831,739.96226415094338,1c0df54ff62c534ffe0d05aa1c8d4dd4491be4b6,US,FL,35,Home,hold
728.80555555555554,700.0,699.63888888888891,d8dc411508f3da5ac193006386f2b8e7e59fc91c,US,FL,35,Home,hold
735.67647058823525,740.0,740.0,963e34f633a4efeaa26010bdc869032463f1d8e2,US,FL,35,Home,hold
701.448275862069,750.86206896551721,699.41379310344826,01f7d9e9261a1f860e2c823fb046f543f75535a0,US,FL,35,Home,hold
720.28571428571433,719.71428571428567,669.71428571428567,076cd6ea0457dd94b1777d2d4c6392023e6e25cf,US,FL,35,Home,hold
750.98039215686276,740.0,740.0,8e2a5c652accde0e63e5de17444995554359a995,US,FL,35,Home,hold
713.44852941176475,740.0,690.0,6723ed5be424dd947831b2cae0452da2fb568039,US,FL,35,Home,hold
723.375,740.0,705.0,59a4d34cff81bf2cfc6aa84edc51fe9d7a633918,US,FL,35,Home,hold
760.5,712.0,706.0,8f834c920b0d86b0d06da2087d3f8ce7b0c5c6d0,US,FL,35,Home,hold
727.047619047619,790.02380952380952,720.02380952380952,c1a51df70b9d63684117b2cfaf2204b6f8cf8ecb,US,FL,35,Home,hold
584.04901960784309,700.0,700.0,2ed8dfdfc29e3295562f73c685eb65a21da18959,US,FL,35,Home,hold
692.16319444444446,689.32291666666663,689.32291666666663,e3771c66993961bb3b221ca050c82cbb877391ca,US,GA,35,Home,hold
716.77586206896547,770.0,720.0,8884509cc5ab7d665f1d2b91e9777535b94149f2,US,GA,35,Home,hold
689.1148648648649,693.31081081081084,693.31081081081084,11dfb1c2fbe0297ddef7381b64bde5a5f780b2cf,US,GA,35,Home,hold
706.04166666666663,710.25,708.625,6f0851e46e11fd0c99cec30da952fbb82e98a71c,US,GA,35,Home,hold
661.89583333333337,760.0,664.8125,7adf49470de148f9e6e47079f25291980a1af5d1,US,GA,35,Home,hold
730.91176470588232,710.0,710.0,f15d265f2db8e539ee91e3aa100b5bbc71f48076,US,GA,35,Home,hold
708.83333333333337,760.0,710.0,768e56b16ee8a813fe92ca02bdeb7bef0285f75b,US,GA,35,Home,hold
664.375,710.0,640.0,250f49029e57ee73444f34e108fda0bb0d98efab,US,GA,35,Home,hold
716.52631578947364,780.0,718.9473684210526,edbfbd5a3994035c94f6770f29dd3ad7b3995099,US,GA,35,Home,hold
696.94444444444446,730.0,660.0,5f0206e69d4b976933f7ac14819831595c7c5ecd,US,GA,35,Home,hold
665.375,760.0,668.91666666666663,5654e0e32aeb1d2f65992d6b4319387931561d94,US,GA,35,Home,hold
673.06862745098044,770.0,670.0,b5a20bface46f1b6a7b85ee93fcc70f53189564e,US,GA,35,Home,hold
709.18965517241384,708.60344827586209,708.27586206896547,e3e73b8aacaa9a502137fd72f1ddddb6088213f3,US,GA,35,Home,hold
713.58333333333337,728.58333333333337,727.23333333333335,89afc53fb939318d72ae17ec55cd683562c33bbf,US,GA,35,Home,hold
686.45161290322585,690.32258064516134,689.87096774193549,e5b5db6aca7bbe05db94185fd3716bfca552f927,US,GA,35,Home,hold
736.47395833333337,740.0,740.0,e59332889ac75115420f7c4a0b04f98b31247438,US,GA,35,Home,hold
695.79047619047617,700.0,700.0,686e6af217d7e94074e6227a02da18c1c9138b4a,US,GA,35,Home,hold
687.1,690.0,690.0,bde3e265f728688bf28d186b28c2452df240da0e,US,GA,35,Home,hold
696.61073825503354,700.06040268456377,700.06040268456377,757ab6a468e6abdfca477b3392a727c26607330a,US,GA,35,Home,hold
702.57471264367814,780.90804597701151,704.919540229885,822699b71de4d08b0452ab3d8919fa559311e402,US,GA,35,Home,hold
683.25373134328356,690.0,690.0,8deb5d83f57a4a6222382c0f794e84f1256938b0,US,GA,35,Home,hold
695.00490196078431,766.0,698.0,360fee5dae2f19fdf7178a9edea045f1eca651b0,US,GA,35,Home,hold
670.50490196078431,780.0,670.0,cc5c54a3bfac28b1c04b85164bc7be0062c99d63,US,GA,35,Home,hold
676.04411764705878,730.0,680.0,92afc7d4278c83e60adb5a3a025b860589984e6d,US,GA,35,Home,hold
662.23076923076928,720.0,670.0,c15429707bc096b4c86ec7b09b3b30c1b43d83fc,US,GA,35,Home,hold
731.70588235294122,720.0,720.0,5f97c33b13c96e036e6cf7a7e0b730a49b2cf42c,US,GA,35,Home,hold
682.98039215686276,750.0,680.0,95c152ff0ec6a7ca297b08ff6cb94f577ecff869,US,GA,35,Home,hold
713.55555555555554,770.11111111111109,719.36111111111109,5caffe1d2c1264fdc47814f4459d53c28d4077bd,US,GA,35,Home,hold
695.18253968253964,780.0,700.0,95e34405f2650464caaff9c424bd3f6ee42a160e,US,GA,35,Home,hold
691.96511627906978,745.046511627907,695.046511627907,36f6ac049f04601faf2aec11a338f23d7b138e39,US,GA,35,Home,hold
745.31386861313865,749.51824817518252,749.51824817518252,77d5e8df2708d8b2c3f7d5fbba6c42808af1a22a,US,GA,35,Home,hold
711.96226415094338,720.79245283018872,718.67924528301887,4461cf0c643607a0d205d95d325fa41264e82f28,US,GA,35,Home,hold
719.87373737373741,741.0,720.0,ce437dd94f67f7086dc6c4c7e77ba30381dda63e,US,GA,35,Home,hold
687.48958333333337,652.23958333333337,651.34375,1538b4d7e7866633dcdc3a356e0e81509dfc2b6d,US,IA,35,Home,hold
694.33802816901414,697.26760563380287,696.943661971831,8260a9326073db91ec834b66bf37d4d34572efcf,US,ID,35,Home,hold
698.45588235294122,750.0,700.0,24aa43c4c0f48da661c18b014eb31298d4cb324e,US,ID,35,Home,hold
637.13888888888891,640.0,640.0,49f6ce7391d44b12cbd94157a03711fdcf13e2ba,US,IL,35,Home,hold
709.90683229813669,710.93167701863354,710.93167701863354,9a0d0ed5b48e745c297b78e5a0c1eccd664a2e7c,US,IL,35,Home,hold
686.726618705036,700.34532374100718,686.26258992805754,53fe8c749e9ffdf3db9465b3870c7b4a290ecd52,US,IL,35,Home,hold
651.5,680.0,680.0,8635711274385f8f8509e2bb498f0e8107ba8af1,US,IL,35,Home,hold
660.0980392156863,654.406862745098,647.99509803921569,5eb9875b26c28021f661dbf57628231e4caff086,US,IL,35,Home,hold
700.43627450980387,700.0,700.0,10a920522708607d3931709f5328bbd13841499e,US,IL,35,Home,hold
707.265306122449,710.07142857142856,709.9795918367347,75ba8363612804cf52ba1dbff9b25bf52ad1f98b,US,IL,35,Home,hold
698.4848484848485,700.0,700.0,7d2d533fcabb443ac54b196d416e20ab015f3ba8,US,IL,35,Home,hold
710.91176470588232,720.0,720.0,e6f20f0e9cb841ce82d571b4147c6dba9c22eb28,US,IL,35,Home,hold
704.45833333333337,710.20833333333337,708.75,bd25121e2d15825b64f6066f815a2e4e1f55c66e,US,IL,35,Home,hold
677.33858267716539,680.0,680.0,83f41b28e623880c6ee1714316a89242978033b9,US,IL,35,Home,hold
677.78921568627447,680.0,680.0,c038f32ac153575b2d4fcca40b6bd4a28ad06fd5,US,IL,35,Home,hold
677.85714285714289,706.85714285714289,693.14285714285711,40a1ce58b89c921a2bdf7438e27df17f3aa14603,US,IL,35,Home,hold
651.87654320987656,628.320987654321,628.320987654321,f3fb18a0a1556ce6e316ef9c8f57b9cf550ec2f5,US,IL,35,Home,hold
677.64705882352939,690.0,680.0,10733c923de667d2b9ce0f3fdfb26fac3cb523f1,US,IL,35,Home,hold
748.42758620689654,752.696551724138,752.53793103448277,b8543897282bba5eea727a89ddc1569a1d8c6717,US,IL,35,Home,hold
681.42424242424238,685.40909090909088,684.65151515151513,bc02cc772451dca01442d8eac72f78bc495739bd,US,IL,35,Home,hold
657.70085470085473,650.0,648.974358974359,285ce75f7b24bac687a6407a966c10dae617872e,US,IL,35,Home,hold
705.15463917525778,706.90206185567013,706.90206185567013,43a47491018bd78a91bc5db60d8e16b0c8ed6601,US,IL,35,Home,hold
698.52777777777783,700.77777777777783,700.77777777777783,3258e4b8a232d3e3bce631913382d45aac0791b8,US,IL,35,Home,hold
679.16666666666663,670.0,670.0,d0d9d9f84bc8393775012a7e4c82b871d8349baf,US,IL,35,Home,hold
714.9387755102041,714.89795918367349,714.31632653061229,ff9c4b83c127c974334826057c0eca1ad0bf5448,US,IL,35,Home,hold
690.76470588235293,690.0,690.0,f0e4ff7fbf05a3b293a2539b0b4f3168d1ec6291,US,IL,35,Home,hold
700.46078431372553,700.0,700.0,ff4e6f83342919baab0cad5b9ff0da590f8e4e38,US,IL,35,Home,hold
680.32758620689651,680.0,679.9885057471264,91b56eaef39866a7790f5704da0360dc0d463ae9,US,IL,35,Home,hold
636.328125,670.21875,669.828125,80a0d8adedc6a11cf54ba304fad607ee385ac95f,US,IL,35,Home,hold
672.51960784313724,670.63725490196077,670.63725490196077,be55e9dcff5353b94f328a6c1a8365a548b8baab,US,IN,35,Home,hold
682.58620689655174,740.0,690.0,6beb2fc3d2f7da97418864a96e7dd0cc4cf5b2c4,US,IN,35,Home,hold
694.57352941176475,752.16176470588232,702.02941176470586,3359309cbd3fd89c131f36e36b32139db3a8fd2e,US,IN,35,Home,hold
646.77272727272725,651.09090909090912,609.72727272727275,c5f49b42ba2ba035e743b693ea483cc027b27203,US,IN,35,Home,hold
654.32,650.0,600.0,cea690b79f520f36ab0a683e4aae72d5c06e65d5,US,IN,35,Home,hold
664.063492063492,683.80952380952385,649.76190476190482,d5f5ee55706ba89d047ab199c67dfa8b58211969,US,IN,35,Home,hold
672.8,690.4,689.6,e752b613d7ac7e93e1b6b0c01c614296997a85be,US,IN,35,Home,hold
700.16666666666663,760.0,706.66666666666663,86cb6c3a502217ff4019f6f91bc0184f2c4799a2,US,IN,35,Home,hold
680.74025974025972,686.83116883116884,685.974025974026,beeaff5ee0d709000c747c5b6440198d89d7fd04,US,IN,35,Home,hold
681.53146853146848,664.84615384615381,664.84615384615381,f3ed068676e4851b64d40f7ba2ba288663c54542,US,IN,35,Home,hold
668.82843137254906,666.406862745098,666.406862745098,d8aaf462f5bd27870425377627234d76ab121191,US,KS,35,Home,hold
683.97515527950316,760.0,670.0,e44706866184d66899727ce1a5258e307204a98b,US,KS,35,Home,hold
697.61333333333334,780.0,701.10666666666668,9ec12314eae80ccc3568423009dc1b0246719e2e,US,KY,35,Home,hold
679.38888888888891,680.01111111111106,680.01111111111106,312ac392947626c1040ddee0a006a722bb69d585,US,KY,35,Home,hold
689.50961538461536,760.0,690.00961538461536,5c01978238f09d27f0594e91cae3f9c350bb32c9,US,LA,35,Home,hold
698.0632911392405,760.0,700.0,0e3f16b51d51d206e180e59526130f85be198ac5,US,LA,35,Home,hold
716.19463087248323,779.98657718120808,683.1275167785235,b1d02f6449e517e7d472f9e652bb60a155a85333,US,LA,35,Home,hold
678.258064516129,690.0,690.0,399ca7c9084bbff85de14ac3149c04c63c925278,US,MA,35,Home,hold
667.22916666666663,679.53472222222217,661.83680555555554,6acef16260883fda267b2019017c606c08b8e5d9,US,MA,35,Home,hold
664.01851851851848,700.46296296296293,699.44444444444446,8bffbb7c36d71ec49ecf0e9a581cb92212c7dcbd,US,MA,35,Home,hold
614.829268292683,680.0,600.84756097560978,f7de8cca0a939af5a16233ec06bf4c04309f06fc,US,MA,35,Home,hold
727.7534246575342,728.17808219178085,728.17808219178085,ec3077938be5396ef05ebeb25c2bc8f98ac7f3bf,US,MA,35,Home,hold
617.10526315789468,648.52631578947364,620.9473684210526,95d38bca5c295717797f5a1671fdfac22939f24a,US,MA,35,Home,hold
669.92265193370167,680.0,680.0,c0c83d8f329f4025f1c5240cca28137abc53df1b,US,MA,35,Home,hold
664.83870967741939,660.0,660.0,9c8b53bdd50859c24aab6bbbca68bc7f6db011b3,US,MA,35,Home,hold
607.843137254902,650.0,610.0,6512107bc07bbeec462f70e230f982f39de2e20e,US,MA,35,Home,hold
663.04060913705587,663.84263959390864,663.64974619289342,47abb3f33b7dc91da6bda17240b5e737b2e5aa83,US,MA,35,Home,hold
677.31395348837214,677.20930232558135,677.20930232558135,021bc49d2737cfc5291795252754c8c84d99fb90,US,MA,35,Home,hold
697.81818181818187,700.0,700.0,31d49709c4167373838e9a00180423cc7350e3c2,US,MA,35,Home,hold
646.16129032258061,692.741935483871,649.06451612903231,3a6e5ef83f984e7f79617f3db70750ee3cdd841d,US,MA,35,Home,hold
640.08333333333337,662.33333333333337,659.0,b852dcd53f93932722bb3f3d21259184c4cae4a9,US,MA,35,Home,hold
685.81818181818187,690.0,690.0,dc676db5eee884aa5c15f54f88ac10a4cf713988,US,MA,35,Home,hold
648.03431372549016,650.0,640.0,d77bb5a82db82e4b2e73fb92d56dfff41e9edb60,US,MA,35,Home,hold
627.65384615384619,650.0,630.0,a77ccfe956de9eac8a539df504f9dcf9c0a138d4,US,MA,35,Home,hold
663.439393939394,678.530303030303,678.530303030303,2d1cf2af29396293ff30e0183a7efc908a236890,US,MD,35,Home,hold
700.20833333333337,720.0,700.0,882e21273336bbe115793e6fff00dbf0ec9bb160,US,MD,35,Home,hold
702.593137254902,755.0,705.0,722f5b0d27b41190317b8fbf147f9e4a6a2668bc,US,MD,35,Home,hold
693.1351351351351,750.0,700.0,6fa07c020e79eced6fae23c8fbaa2fb0ba9285bb,US,MD,35,Home,hold
673.48148148148152,760.0,670.2962962962963,8260378740ddaca42dc881dcc7a29f8ea4d107b6,US,MD,35,Home,hold
702.93181818181813,710.09090909090912,709.9545454545455,60aed15bf94aae36e082126f609fcfb18629149b,US,MD,35,Home,hold
739.36923076923074,745.99230769230769,745.99230769230769,f318e4362fd02ed1235df6bef1451e249ab878f8,US,MD,35,Home,hold
704.32203389830511,710.0,710.0,686333fc84b6f7e3b4acb2307e4cd7e80a681679,US,MD,35,Home,hold
726.30379746835445,730.0,730.0,87d51152901507fce151539d45f695bd0e2db303,US,MD,35,Home,hold
677.5333333333333,662.11111111111109,659.88888888888891,00afa6761bc22486ea6b4194ea3c7be1a0158363,US,MD,35,Home,hold
686.43181818181813,690.0,690.0,de086106c06d4c8512580c4a9dc7d6da4118cd80,US,MD,35,Home,hold
689.91666666666663,690.0,690.0,16ebc317b42093272cde2ae9ba87e1a5a5cb7fe4,US,MD,35,Home,hold
694.41666666666663,709.77976190476193,709.63690476190482,1662add29d71da779b9c505871e8097d025a061d,US,MD,35,Home,hold
679.20987654320993,730.0,680.41358024691363,6318fe6f115f114f906538ab58ba58d2f0e7a933,US,MD,35,Home,hold
711.32142857142856,725.17857142857144,723.67857142857144,a8442d84140eca0c63be9facd76f9cda8443c1b4,US,MI,35,Home,hold
686.19277108433732,690.09036144578317,689.89156626506019,d176cd0e6ff65f60a165a9eaf2b0feeb37a88c9a,US,MI,35,Home,hold
697.0,770.0,689.26229508196718,69336fc7d846a79fd49be0b1788d731f0f2227e4,US,MI,35,Home,hold
705.625,780.0,709.625,c3a6e28fb381482927b81a5db7f872ef0ebaa817,US,MI,35,Home,hold
670.35384615384612,650.0,617.69230769230774,a413e7539a8f591a057ff821363bc8bef6343202,US,MI,35,Home,hold
710.27450980392155,710.0,710.0,78b9009175235407d51176be506a367df095b3ed,US,MI,35,Home,hold
710.832,670.76,670.76,1601cc2526358e943e6667ce1876b5854532a2d5,US,MI,35,Home,hold
697.08823529411768,690.0,650.0,dcda9da30271fc57cd3b5d6fff571beda2d2dbeb,US,MI,35,Home,hold
673.41666666666663,621.875,621.54166666666663,d4bc6c6c740d06bc5bec71e5554364a6812a2157,US,MI,35,Home,hold
631.20967741935488,650.0,620.0,18384048eb38db01897b311bd00cfccfef98c1c8,US,MI,35,Home,hold
719.28846153846155,725.51923076923072,724.65384615384619,f07b16f11f401ad9cbaea303d3792ad6e2e43bd5,US,MI,35,Home,hold
714.96153846153845,720.0,720.0,69bcaf85d13d6c073e481973e1e1a81e1dee86dc,US,MI,35,Home,hold
688.42160278745644,690.0,690.0,7f6c7e61ddfe8116716d41ccca02937d754e51b4,US,MI,35,Home,hold
696.73684210526312,700.0,700.0,81bb3aa425e7a31ae3bc7aab5eaa1ec8777b39d3,US,MI,35,Home,hold
721.4375,730.0,730.0,fe0a6f4cff60670b885e48cd0e27ea7aa61c1f05,US,MI,35,Home,hold
724.06422018348621,790.0,723.97247706422013,cf065e98f85ebfbbfc9e7f10309b8ee9fe7d529a,US,MI,35,Home,hold
701.312101910828,700.0,700.0,0376993a855cda33bc370d2efc8c130c99e83663,US,MI,35,Home,hold
677.3125,681.75,679.77083333333337,9e52140a4bb1a80ee83b0dcf2785e7bf5b6cd7e9,US,MI,35,Home,hold
705.96078431372553,790.0,700.0,62a0b481c24a2de8add7f5998b61d3329775b225,US,MI,35,Home,hold
718.91666666666663,660.44444444444446,660.08333333333337,4510aa46cae0c73516dd62dbf5c4b16fd5da914e,US,MI,35,Home,hold
686.7414965986394,683.530612244898,683.22448979591832,50d7190c0636ff69dca8dff33fa862c6c083e5d9,US,MI,35,Home,hold
647.89583333333337,702.0,650.0,9725395b6b3a5cb1a4b55f28a977c5bd1f4acbc2,US,MI,35,Home,hold
695.89444444444439,650.02777777777783,649.98333333333335,433161a4b8eb3035c239f59b2219c3563b80e84b,US,MI,35,Home,hold
706.17156862745094,705.77941176470586,705.77941176470586,01f0a59798f2628a1d716936a76b0136a0904f70,US,MI,35,Home,hold
711.70833333333337,715.08333333333337,714.875,06fc87b09de0420efc0e5a435c145a580c80116d,US,MI,35,Home,hold
681.26956521739135,671.0695652173913,671.0695652173913,b77192225f446951984c405afca39eb6a34ddd50,US,MN,35,Home,hold
678.22222222222217,680.0,680.0,1d7768dd012eda91eb71d36167515c25154928bd,US,MN,35,Home,hold
717.31182795698919,720.0,720.0,a50afe6e2870637470b8cc7929f4240f35aa3677,US,MN,35,Home,hold
686.52173913043475,693.59420289855075,692.49275362318838,eee41ec4ef27252fb25a3a3c0b23349791c907ea,US,MN,35,Home,hold
660.33333333333337,720.0,670.0,d975f7b411bb011b5e462a3d107fdbbe86fc5075,US,MN,35,Home,hold
680.39705882352939,674.05882352941171,673.52941176470586,e7b23d8885a087e9829a8f29ce37feb88f354257,US,MN,35,Home,hold
742.38095238095241,661.5,660.66666666666663,d669f2da368e9492d09e18dbcd5ee321b5aac9b4,US,MN,35,Home,hold
697.75980392156862,700.0,700.0,99aa732baf564e65c894107891cce851eed96e7b,US,MN,35,Home,hold
708.61111111111109,730.0,710.0,02802a5aad6df46eae520f55a2cffe338441a5e1,US,MN,35,Home,hold
680.005376344086,680.0,680.0,914bd313b44008005ea03360c1286f22bd9dce09,US,MO,35,Home,hold
677.70833333333337,680.0,680.0,47067f4cac0157333573e84215e315025920b51f,US,MO,35,Home,hold
711.22033898305085,680.20338983050851,680.13559322033893,be1ee514ea27c954382c1a576b3c788ae2ea0754,US,MO,35,Home,hold
707.97916666666663,707.5,707.5,cbaba46d7065fc2ed9b901c5a417166f0eeade75,US,MO,35,Home,hold
729.216049382716,740.0,740.0,b3ad09217b5598dd5be3098b132d3444fe6d5e1c,US,MO,35,Home,hold
680.27368421052631,650.29473684210529,620.578947368421,8bff1c0cc73f36a5d2778831a3980a82d58a9e9f,US,MO,35,Home,hold
766.89393939393938,770.0,770.0,94997115037b8062e7357e43828f218779e1f121,US,MO,35,Home,hold
668.12666666666667,670.3,669.94666666666672,757271553fe4e4a3d8e76426f46925913049ebe5,US,MO,35,Home,hold
662.16666666666663,750.0,700.0,6a4e92ba22307727b97e8d8deef28f5373f93ade,US,MS,35,Home,hold
697.41176470588232,700.0,700.0,c1a6959582884a1b3059247f50f95861e9e03dce,US,MS,35,Home,hold
688.72222222222217,744.94444444444446,694.94444444444446,9883745bd24536009eb891fe81e2bc311b4d0078,US,NC,35,Home,hold
688.78947368421052,760.0,697.47368421052636,007cdd82d7747e9a85dfc0616574a29adc8b5804,US,NC,35,Home,hold
674.93103448275861,663.79310344827582,662.06896551724139,73621300dedac1c2bb41ead7f1e839a93170cac5,US,NC,35,Home,hold
706.61666666666667,710.0,710.0,b2937cb3091ec5d0f6fd18728273ae48099a782c,US,NC,35,Home,hold
625.86904761904759,625.0,625.0,fe7b8cb6cec2623d4a2f939a7cc9bc1f4719b37a,US,NC,35,Home,hold
700.15789473684208,692.47368421052636,691.9473684210526,daaca2774891449d39bdec93953ce087707f17eb,US,NC,35,Home,hold
673.5,720.0,690.0,1f2e67a620f828accede938c030503eead9ff3a9,US,NC,35,Home,hold
679.77777777777783,694.83333333333337,693.0,52453c464998e8638896c6bb6e3e0eba7f089635,US,NC,35,Home,hold
714.9,722.35,719.5,3e30ec1a5c00d1074b6153fd87a466a6c0cb7d92,US,NC,35,Home,hold
496.421568627451,720.0,650.0,5f5b478c6a9d38e22e3be06b4ab62b26bc662353,US,NC,35,Home,hold
737.16176470588232,790.0,740.0,bf9bd9c67793fde44d8d27ea6223ecdd3e567adf,US,NC,35,Home,hold
661.34108527131787,668.00775193798449,667.85271317829461,f7e7becbc52007bfc709bed8e56930433856e20d,US,NC,35,Home,hold
697.25,750.0,700.0,d0142ffe7ec8913522cd169fed649d6122f3c49c,US,NE,35,Home,hold
702.84210526315792,710.52631578947364,709.63157894736844,6ea1b57f8c06881653fd5457d531373434875432,US,NE,35,Home,hold
710.77450980392155,709.78921568627447,709.78921568627447,c1c075cfc90c4712fe95f5afb28d980c6c427631,US,NE,35,Home,hold
597.35555555555561,650.0,600.0,e5d7f6f5e628a39ad2183fadd546143125a1ba61,US,NH,35,Home,hold
646.16666666666663,650.29166666666663,649.875,b85ef068be83539c33b3e44aa8785e97a0a08ec6,US,NH,35,Home,hold
699.54487179487182,702.74358974358972,702.74358974358972,d261f4973aea2f2f5f4b464df3f6b06c164d5edf,US,NH,35,Home,hold
621.46153846153845,653.4065934065934,629.1868131868132,0640ecf375a31bf8652a0e659803e9f0e98e213f,US,NH,35,Home,hold
655.66666666666663,668.69696969696975,664.09090909090912,a028848d70f8ea75aabf754f598c366d3e4e11a0,US,NH,35,Home,hold
647.31578947368416,670.0,650.0,bb1c2d96e2d1f67461e9a0adfd9e716d0f691f4c,US,NJ,35,Home,hold
673.72972972972968,679.81081081081084,679.18918918918916,9d239b8fbc198f347e10e51806ec822e6526c816,US,NJ,35,Home,hold
717.6,720.0,720.0,f24abd567d29d63a17c209ef39253c24ad1d0268,US,NJ,35,Home,hold
686.33333333333337,680.33333333333337,676.33333333333337,a2a2565642e4104dd40c4481eaee1f4cbda54b93,US,NJ,35,Home,hold
682.60919540229884,676.86206896551721,676.86206896551721,3ef5dcadbbe3972b89d2689c9d8974b1ca6577ae,US,NJ,35,Home,hold
686.25520833333337,740.0,690.0,d6947c63b6225673d385630e784bba23d8d32a61,US,NJ,35,Home,hold
670.52941176470586,671.76470588235293,671.76470588235293,662c29ad4540ea0d3b67716d76ffbdd9875ff492,US,NJ,35,Home,hold
701.05952380952385,703.452380952381,703.452380952381,d4bd530b41ec48f8be1b05ff268f961721ba52af,US,NJ,35,Home,hold
703.66666666666663,712.47916666666663,708.04166666666663,f346940dff4b040ba1899ac594831586e7e4e9f6,US,NJ,35,Home,hold
711.33333333333337,680.0,680.0,5f95b4321c1df265c2b229c80ed5e4d9ee4808d9,US,NJ,35,Home,hold
695.56363636363642,698.56363636363642,697.9818181818182,abda7c8da03217c0486d65de6cb1456ded8ced98,US,NJ,35,Home,hold
721.19444444444446,822.05555555555554,758.86111111111109,bba5d3aa4933a44e06c7a2b30ff876c6c25e3ccc,US,NJ,35,Home,hold
686.43243243243239,733.372972972973,733.372972972973,6ac908178173bc60ec844d15115d776e24f9f9e4,US,NJ,35,Home,hold
704.41025641025647,710.0,710.28205128205127,3b99567f2e2a01c8dc419d01405956b3f681a4d7,US,NJ,35,Home,hold
726.575,730.0,730.0,1fa064e99f9c556ceceea461cd236644d6dcd165,US,NJ,35,Home,hold
718.86335403726707,723.11801242236027,722.27950310559,894b9b6029deacf0d09e2950373fc2a258d4684e,US,NJ,35,Home,hold
697.69117647058829,692.96568627450984,692.96568627450984,4da9a4702de4573ca15156de1e433c6098d3e7dc,US,NJ,35,Home,hold
726.625,740.0,739.625,b0b4fa7264d8565df45fbb33f72d536be6108388,US,NJ,35,Home,hold
686.35820895522386,689.94029850746267,689.91044776119406,7b583a323c93749742ef5241e3977afba5fcff5e,US,NM,35,Home,hold
701.85714285714289,700.0,700.0,0ec51b6ac76933e8ca30d8963d6d71d43a266f61,US,NM,35,Home,hold
656.75396825396831,660.44444444444446,660.44444444444446,32b7e4f099be1bef07454fe297117fa4610b74ff,US,NM,35,Home,hold
711.94117647058829,810.0,690.0,b09a22b05b7d08173aa1885eb9754ef1adba3d10,US,NV,35,Home,hold
746.17741935483866,753.16129032258061,752.97311827956992,b8a26865a118a3076a49cef33168856af3da8732,US,NV,35,Home,hold
759.98550724637676,715.21739130434787,715.21739130434787,8c7bb04da9efca451d191d4f8248d301d30340be,US,NV,35,Home,hold
738.83333333333337,730.0,730.0,4b7558840d2e9bbb5fc0dffe71633a7da77512d9,US,NV,35,Home,hold
726.42857142857144,731.15714285714284,731.15714285714284,2865d19b3ed0c2beca1ef541040dd595b92ab7a8,US,NV,35,Home,hold
726.76190476190482,740.61904761904759,736.90476190476193,33f040b6ce7521e15d3f80d0916acea83c02d335,US,NY,35,Home,hold
702.12162162162167,703.581081081081,700.85810810810813,b8c0dcad37a377a944f15c23ba77b8e9cd626efa,US,NY,35,Home,hold
710.425,711.10833333333335,711.10833333333335,13498ac7cdf98e645e2abaf339cfee3eca2bd0e3,US,NY,35,Home,hold
681.78846153846155,698.14102564102564,694.5,9820e00b1be735aaad0a5eec1db5de2acd410e6e,US,NY,35,Home,hold
678.375,720.03472222222217,680.01388888888891,3fba3c2c7187e9037a1f2300662db5893509568a,US,NY,35,Home,hold
666.14102564102564,669.88461538461536,669.88461538461536,986df632b27f15018e4ae2af9f8eea165f30e1cc,US,NY,35,Home,hold
705.00490196078431,707.70588235294122,707.70588235294122,e0f8a4b9cdb1bc0f489ecb4c34c656a20de81dc6,US,NY,35,Home,hold
703.23636363636365,707.41818181818178,707.25454545454545,12ddb5fc8a836b47161e409460c3066f9df18e41,US,NY,35,Home,hold
707.41666666666663,710.375,709.8125,f9937ae887aa04ed8e0ef2b84a920be64f09bcd3,US,NY,35,Home,hold
734.72368421052636,737.10526315789468,737.10526315789468,0e4c18e0c4451bdff06a4600155f530e216d4a2c,US,NY,35,Home,hold
680.4666666666667,681.86666666666667,680.66666666666663,d3e6b77298653269d3340418965c3a58df01e9d5,US,NY,35,Home,hold
777.3650793650794,826.8650793650794,786.8650793650794,c26eabbd0ea3ff7360555a1c9bc23a4ddac0c50b,US,NY,35,Home,hold
722.70588235294122,723.406862745098,723.406862745098,532daa4cd920c84e8506533f754f806cb060e1bc,US,NY,35,Home,hold
726.94097222222217,730.0,730.0,908dca5dd1dffed9c8d26e7c8736db725f3ee6b4,US,NY,35,Home,hold
685.44230769230774,690.0,690.0,9d8ebea68035fb275cf75598542a77881d427fc5,US,NY,35,Home,hold
705.0,720.0,720.0,4da547db1a32fff4131b526e6c7afae9ab41eced,US,NY,35,Home,hold
706.04,757.04,716.96,045098afef61ad704d7e00422af32a6614ef6daf,US,NY,35,Home,hold
695.34269662921349,694.39325842696633,694.10112359550567,adc85d43ba75f4bb03d4cd11e3f139d312413805,US,NY,35,Home,hold
682.32291666666663,690.0,690.0,18a39a78a59d477f54df0b0737f3477adf0f9ac9,US,NY,35,Home,hold
677.66666666666663,680.0,680.0,74eb6b4056b68dc205c3065a34a6a012535d2884,US,NY,35,Home,hold
711.42553191489367,719.063829787234,718.12765957446811,ce52d122f5ab7c3ca10218136ae049fc1289cf3d,US,NY,35,Home,hold
687.66666666666663,690.0,690.0,8cedf047a170673573d915225a072c18104f721c,US,NY,35,Home,hold
657.296875,672.0625,672.0625,f9a949bb81e7ccb8053533eb589766ae5180766d,US,NY,35,Home,hold
618.88571428571424,601.11428571428576,601.11428571428576,27c6ac3d3a1a26128a0af4e63017c8d5d68c40c2,US,NY,35,Home,hold
670.30113636363637,670.72727272727275,670.38636363636363,35ecc368528347786d7b68bd5562389dc31bb646,US,OH,35,Home,hold
686.625,672.925,668.85,56c40f9fd2f9777e8a82083bdeb05a6332395459,US,OH,35,Home,hold
672.4,713.2,655.6,7ed378dd1f06909eeaea239282158a797c4bbef4,US,OH,35,Home,hold
705.8,780.0,698.6,bd6cad2bfa36dc25c8403c4200433d253269f158,US,OH,35,Home,hold
698.69333333333338,700.0,700.0,ea7b074a20d37241d286ce35684c13524d83175b,US,OH,35,Home,hold
690.43283582089555,780.0,690.0,6965e0c12cc4aa57675a005665f310631efc72b8,US,OH,35,Home,hold
705.23333333333335,710.0,710.0,6041e9b20d5914a7795fe7c0c7ae79bf2d40e213,US,OH,35,Home,hold
663.57142857142856,660.0,660.0,f34de301df973838a3273132989c7f5072c4d0c7,US,OH,35,Home,hold
696.8763440860215,700.0,700.0,64f2c3b2a08601bc639adcae9be9e32b67cfd204,US,OH,35,Home,hold
698.43925233644859,680.0,680.0,a40c4dc641aa1542253b289de64659bbd9882a2c,US,OH,35,Home,hold
697.28431372549016,696.76470588235293,696.76470588235293,8d378420bbe5aa2e6da0d95d4cdf4803f7b5ba8d,US,OH,35,Home,hold
669.92857142857144,680.0,680.0,63b7657b391ff49fa8b37e6d1c383d6234b59969,US,OH,35,Home,hold
728.75490196078431,780.0,730.0,c27fc6a56de1a8f0e21520b7a1d3d499730010c2,US,OK,35,Home,hold
671.59420289855075,730.0,671.6159420289855,0a14883a8dfb9d20be1f929e6838801b38033eb5,US,OK,35,Home,hold
648.0,663.94444444444446,658.77777777777783,30facd35de80b06ee9ee2ce606294fa3d696ac15,US,OK,35,Home,hold
767.5,780.0,740.0,68372ff57dfcb0797150db53e3f3cd28079910ae,US,OK,35,Home,hold
737.60144927536237,810.0,740.0,3bef806acb4ded8956f18c375d08c29b4f4d825c,US,OK,35,Home,hold
752.19892473118284,760.0,689.69354838709683,4bc44402cb61c5d8c184a60be5c85c5a7d95656f,US,OR,35,Home,hold
678.78571428571433,685.0,685.0,bf1c318673124d0c1aa8cbfbf736f8859b9ab9e3,US,PA,35,Home,hold
693.0,700.71428571428567,699.5,39f0c5b2182f4e6daeb79e81aa3a35a8d5519c58,US,PA,35,Home,hold
637.56,650.0,640.0,ffda5b1af97787564c19df5f554a3e3ccf6362e1,US,PA,35,Home,hold
686.39583333333337,739.83333333333337,689.33333333333337,68e355a389810814fd4607904e6dc84a46bb164f,US,PA,35,Home,hold
667.22549019607845,670.0,670.0,7e60e420137b0bbb395f0abfeb753f1c699ad01c,US,PA,35,Home,hold
649.0,697.77777777777783,600.0,5ec8ddb43ae854720b8fd0a5af6a5db94c0335d1,US,PA,35,Home,hold
648.375,700.0,700.0,051575aa693e7c48eb9634a0383652c0c6212787,US,PA,35,Home,hold
657.297619047619,657.85714285714289,657.85714285714289,4d3e10810c933047a3c215c1b40f621d79b760fc,US,PA,35,Home,hold
671.26896551724133,640.0,670.0344827586207,af734456e55591a427a8c3bb1125f79dc36207ac,US,PA,35,Home,hold
676.06870229007632,680.0,680.0,c54ed7c66be6dd95710324912b44f7e2c7a0fe6e,US,PA,35,Home,hold
697.57558139534888,775.1395348837209,699.91279069767438,75c51bb0233db3beb2c968077b867481f1fdaad4,US,SC,35,Home,hold
727.5539215686274,730.0,730.0,60d266f87c209d58d9c1c8de1f0af57964dd0511,US,SC,35,Home,hold
700.75,715.0,714.15,338205a24d98a6e8cd61af664dc6633c05185121,US,SC,35,Home,hold
702.17647058823525,680.0,680.0,69b27a8e5cc2e56aa2990fac78c3f1ad98ec9c09,US,TN,35,Home,hold
678.0,710.0,710.0,e40d99617d41372cbdbf2c49ef950daa28d2cd78,US,TN,35,Home,hold
706.54166666666663,710.0,710.0,c31f74a410976951be2f1a3ec080f714ab9d945a,US,TN,35,Home,hold
662.3125,675.77083333333337,673.52083333333337,190302046a0293f32b31cc78f5bf035b12089775,US,TN,35,Home,hold
677.33333333333337,749.0,680.0,61cc4e4d3f2aa367b882193c23c3915207c7a524,US,TN,35,Home,hold
692.21354166666663,690.0,690.0,eb98fc628e2f2abe8d8d25515c49658fe72ca48d,US,TN,35,Home,hold
697.75,800.0,700.0,3b41c17b9d3a1a6b0e1f4efeb1dacd9fb30853b8,US,TN,35,Home,hold
662.66666666666663,660.0,660.0,ff7e608937812d31b26012c64a6fc58ef9e364a2,US,TN,35,Home,hold
712.87745098039215,690.0,690.0,31896208e8a8eb43b667b36d88f3f14019f39eac,US,TN,35,Home,hold
672.42574257425747,671.83168316831689,671.83168316831689,f5fa98c52278285d16de305825004cbf538762c0,US,TX,35,Home,hold
678.20555555555552,725.35,674.73888888888894,238f29f1aaaf9b3251a7bac0fd860e7a65f3a74a,US,TX,35,Home,hold
682.45833333333337,680.0,680.0,78aa9f555756032af8eddeb0a88506bd7b50ada1,US,TX,35,Home,hold
727.125,780.0,729.66666666666663,be37b242191488efe633d0c3b3925a1e144b38b3,US,TX,35,Home,hold
704.86111111111109,770.0,709.0,38ffb6e3db9d3693d32e6e25333957a3b1123df4,US,TX,35,Home,hold
677.35294117647061,730.0,677.88235294117646,ddf34c0c48fb43a9085a13b4fb29197120502ffe,US,TX,35,Home,hold
682.29444444444448,760.0,682.66666666666663,78005ab8e596555cd4a0b9fb7c0ed1f6dbed2428,US,TX,35,Home,hold
688.62745098039215,690.0,690.0,26ecbc7e05dc17aa02ff58642c7bb990b50acbfa,US,TX,35,Home,hold
704.5625,759.45833333333337,709.04166666666663,df742797b890f4778c47a4947f6df5f9e97cd545,US,TX,35,Home,hold
704.96153846153845,710.40384615384619,708.13461538461536,eeaaf3c59a4ea00793f49a6eccf2903bc570aeee,US,TX,35,Home,hold
686.54166666666663,770.0,689.70833333333337,f1f6c4a1bcd5443b6e9671082e6b72b736f724e8,US,TX,35,Home,hold
653.35294117647061,650.0,640.0,97d3aec1fa392051672354496a3cf52314cbeaae,US,TX,35,Home,hold
674.09444444444443,740.0,670.0,6e8b3c3a25ec00900dff7af61cd13bd66afa9967,US,TX,35,Home,hold
701.30882352941171,705.0,705.0,62cd4e160a733b3c9dbfd43347fa213535709fa2,US,TX,35,Home,hold
675.776,768.24,652.752,15afbf02d8f7a0ba88b47e804b5b4483cf3adaf5,US,TX,35,Home,hold
697.0,750.0,699.33333333333337,35524e0bc4f4e6f06fd4627c00145289c6eb7730,US,TX,35,Home,hold
725.77272727272725,775.0,695.0,ecdbc19a94e9bacb9f59d7ac0dda65f3e45c310b,US,TX,35,Home,hold
710.21153846153845,769.34615384615381,711.23076923076928,9763e519e05fe4ac4daa794c407bbc693c910493,US,TX,35,Home,hold
687.15,690.0,690.0,83b721d395f4dedd5a81b4d5e6e1e5bd0594ad7a,US,TX,35,Home,hold
697.625,780.0,701.125,d2fc3a333785e7ea01a9bfdea4968b463deb2b81,US,TX,35,Home,hold
692.45588235294122,697.10784313725492,697.10784313725492,eb800ea88701bea8719946b76cfa926c131fa824,US,TX,35,Home,hold
681.93627450980387,680.0,680.0,cc0c874231be0c3588bcd4351caad12f2cfc1e47,US,TX,35,Home,hold
694.26282051282055,690.0,690.0,f7e0158a596f37dc4d3ba27f1517a78a5bbfefb6,US,TX,35,Home,hold
690.20833333333337,752.0,697.45833333333337,8ea6a0455efff846404dc3a36084cadb3229d459,US,TX,35,Home,hold
707.82539682539687,710.57936507936506,710.6269841269841,9db929fb8ce5d48b3b87a52335da12927540bb9a,US,TX,35,Home,hold
683.53488372093022,730.0,665.23255813953483,2170876fcf6b638faeb355fe8fbe7e2bffd7c695,US,TX,35,Home,hold
696.95061728395058,750.0,700.0,bd476214114caf9e6f18fff1976841afe9385997,US,TX,35,Home,hold
675.49382716049388,693.75308641975312,682.641975308642,7d6ef341d8f65e3b399198cca6c11c86718b9dcd,US,TX,35,Home,hold
736.23076923076928,735.0,740.0,ef8e6df6c53d4a9619928b1322de746ce7b04ce4,US,TX,35,Home,hold
641.51111111111106,654.42777777777781,644.35,89c41b6766aef80dcb3bb2b2d5379d2c11194f27,US,TX,35,Home,hold
678.99047619047622,680.0,680.0,06745de649aadeeabf1676ea1a2f945c98d11e21,US,TX,35,Home,hold
702.43678160919535,700.0,700.0,af8d5f9f7931dd561de9e7d12f18f54dc75adbd4,US,TX,35,Home,hold
694.3625,760.0,700.0,1dce18cef74cd8ec7fae858d7dc69d62b5e363ba,US,TX,35,Home,hold
709.7037037037037,701.0,699.48148148148152,1b064dfec144eb5ad0870da33cd95238cc7f77ab,US,TX,35,Home,hold
695.0,700.22222222222217,699.85185185185185,75968b96f19f82e7673c5857f9672d75dda9e4bf,US,TX,35,Home,hold
707.88095238095241,710.0,710.0,e10df068f499e42939964084c8641d1a35f68827,US,TX,35,Home,hold
682.75,735.0,685.0,e73caf7a86bf70fbe63da8d776872136d9fa53c1,US,TX,35,Home,hold
727.09523809523807,730.0,728.5,ef7ad83677c0bad8ff4a6d07dbbba19ba1d6b97c,US,TX,35,Home,hold
724.48076923076928,730.25,729.0,0ef262fc6724ead3c1f0954b0e4c57b66d84980f,US,TX,35,Home,hold
705.61702127659578,710.89361702127655,709.74468085106378,9046cea91cc74d7a40cbb57b055f86124cf42b02,US,TX,35,Home,hold
742.75308641975312,800.0,734.72222222222217,e9e9f6d74c07a6e8a8755b864030f590f2e9c19e,US,TX,35,Home,hold
686.10687022900765,760.0,681.90839694656484,dbf75dff12d42e1d0ef4e85f8ab583047806923b,US,TX,35,Home,hold
717.91975308641975,772.02469135802471,710.93827160493822,f158015a3547f1cbeb25adb418f333fb5ab07ace,US,TX,35,Home,hold
673.64285714285711,660.0,660.0,8b1e335f969655d8bde190bdddeb402988ff4717,US,TX,35,Home,hold
697.1204819277109,740.04819277108436,700.10843373493981,ad4f4daa831513c7cbddf8fb586063a320a98725,US,TX,35,Home,hold
725.08247422680415,725.08247422680415,729.79381443298973,d6f0e9ec0a25d09eee9949f1a6e74edd7227dae6,US,TX,35,Home,hold
686.26771653543312,790.0,690.10236220472439,7241a526670603580450e3996881135b06dbb8a5,US,TX,35,Home,hold
737.32456140350882,740.0,740.0,c249b9f05a9eb6ea3f234290d80d3b54a9629418,US,TX,35,Home,hold
693.875,740.0,679.66666666666663,3e1a1d8ce7b67fcad46dcc576d04edfab4d8709d,US,TX,35,Home,hold
725.41860465116281,730.65116279069764,729.72093023255809,5b4d402f1b12556a5774b1e8148e29b714faf68d,US,TX,35,Home,hold
729.38235294117646,725.29411764705878,725.29411764705878,20c2b2a1b0113a19de38f6512f76412a5046d155,US,TX,35,Home,hold
671.4460784313726,730.0,670.0,8a1977da67ce6a1480d13778672fb2ae1f9c9bb0,US,TX,35,Home,hold
707.21176470588239,759.15294117647056,702.95294117647063,569fb45f23c009976f18a9ca9a07ea3252029e84,US,TX,35,Home,hold
624.98529411764707,650.0,600.0,c5b18b0bfd32ebc54aedfb00506667924aeb45bf,US,TX,35,Home,hold
708.69354838709683,730.0,710.0,1d3b7998db0304f9b01631c83be98d41f66523e0,US,TX,35,Home,hold
649.51960784313724,704.0,704.0,8d9294495cfa3fc395d5f65e17cf0e03039078ca,US,TX,35,Home,hold
698.45138888888891,700.0,700.0,8eadb34575561459bddc99027d29a1fc06236ac0,US,TX,35,Home,hold
712.41269841269843,831.84920634920638,716.97619047619048,f22de08fc5cb8fb3b3b97f12b36a03db6e9a5d4a,US,TX,35,Home,hold
707.875,780.0,710.0,0119aea2dd260593a714aef81229c33b881b1802,US,TX,35,Home,hold
678.88690476190482,740.0,677.75595238095241,e55a9c154c692976e99eec1f9b5e253860b7604b,US,TX,35,Home,hold
695.580459770115,790.0,695.419540229885,23dbb7b2ebae9eae5bd37ca6055f169d88dd0bef,US,TX,35,Home,hold
715.3039215686274,770.0,720.0,834f202260c3dd4fa4a8807a1fba7845402f2e6b,US,TX,35,Home,hold
697.64,750.0,700.0,6632787bf843325ae8c0a23d386b3c7ae780e235,US,TX,35,Home,hold
705.84615384615381,710.38461538461536,709.92307692307691,05c878c194426e003e237f2260396f1d104d3f50,US,UT,35,Home,hold
692.42222222222222,770.0,680.0,26b23c4d33efa24bbca31d6263107e19fbe08ef3,US,UT,35,Home,hold
726.16666666666663,730.0,730.0,73b224ba10d9c3f59d6ed8f7adbf08b07a4d5221,US,UT,35,Home,hold
677.30952380952385,680.0,680.0,be694deb1b08a33bcb7a5301f6434b612a9693c5,US,UT,35,Home,hold
664.74611398963725,660.0,660.0,e18de8bec9dc047e29e736d183aaf67a6c6e0cdf,US,UT,35,Home,hold
696.38392857142856,699.85714285714289,699.85714285714289,a4e0fcf22dabee2aadd8699e259ffbb676968268,US,UT,35,Home,hold
723.66666666666663,839.0,729.85714285714289,55ff45998baa020df36105f50b5d6deecfd31267,US,UT,35,Home,hold
679.5,683.68181818181813,680.81818181818187,36de81d7a0caa620c7c0f81cfa3472e2bb3a7dd3,US,UT,35,Home,hold
712.68,720.0,720.0,db8d0b83f24bfb300c35f11a040d5835bb7de782,US,VA,35,Home,hold
724.14285714285711,776.71428571428567,730.01785714285711,6d86dcc7ac010a8f7e7231a02f1cf8f82d70b944,US,VA,35,Home,hold
674.88888888888891,676.0,675.88888888888891,31ac7273931bba5b7dbcef5d6d34e681b2b0e5fd,US,VA,35,Home,hold
691.56321839080465,696.77011494252872,695.34482758620686,e99d386ecb468a809634e3dc83a075e630790b20,US,VA,35,Home,hold
695.24528301886789,691.86792452830184,691.86792452830184,cdafa14b601ba72745665fdf73ebfd2d6eafc26c,US,VA,35,Home,hold
667.66666666666663,750.0,670.0,407256864d03be91c294ef1fce2659b43c7961de,US,VA,35,Home,hold
710.8,721.88,718.84,665c35af017ba5688f5a4e588df5d00db62a82ea,US,VA,35,Home,hold
735.37209302325584,741.046511627907,739.79069767441865,4211ca01ee49dc89823b2edc8dca94c07f66e225,US,VA,35,Home,hold
669.57446808510633,680.0,680.0,4f83d2f450a8bbafb3429205ae09d1c3189769f2,US,VA,35,Home,hold
694.93965517241384,760.0,699.60344827586209,83d54933f019c34ba4d5ede1f748bcd390382919,US,VA,35,Home,hold
699.48214285714289,709.46428571428567,709.46428571428567,fb347470cc58a8b246c8ae58ad4a1072d76382b1,US,VA,35,Home,hold
681.530303030303,684.75757575757575,684.77272727272725,2e2ce39197aa975478670e1edb6b827922fa34b1,US,VA,35,Home,hold
677.90476190476193,680.1349206349206,680.0,557d286c3a390d36c23b61c01df0e1f4c12b2bd5,US,VA,35,Home,hold
675.5913978494624,732.0,682.0,1a664154c5136d6c704f6660d0e3d26e7b365ddd,US,VA,35,Home,hold
687.0,690.0,690.0,36c32002b2ea417d64ea0f9d32e3973d05f79c53,US,VA,35,Home,hold
707.26666666666665,770.0,710.33333333333337,c20de089e95e2a45895b030ed972cae0b67b68dc,US,VA,35,Home,hold
715.5625,720.0,720.0,92e3e264e7c075e2042577a83f261abb1d43c84e,US,VA,35,Home,hold
686.65306122448976,692.32653061224494,688.77551020408168,2fe7b39c22b54d7501f6f3df3fb5e26d2a11c99e,US,VA,35,Home,hold
700.15151515151513,780.0,701.36363636363637,f8bed35d642bd7ada5a1fb13f25f2b48a1045830,US,VA,35,Home,hold
661.09259259259261,669.51851851851848,669.51851851851848,6af0bc58951532c0735b7844bf2cd0216e1c89f0,US,VA,35,Home,hold
674.75,698.875,682.625,357c7d1ef89fb803b0fc23f587550c0b44ec2ada,US,VT,35,Home,hold
663.26086956521738,680.0,680.0,8d597c97b564184c3a6ea1d73d4a47db9e061be1,US,VT,35,Home,hold
674.1875,729.85416666666663,679.70833333333337,7f444b356e0e01dbf6fae31e15aabd91935485c5,US,WA,35,Home,hold
715.34146341463418,720.51219512195121,719.829268292683,88258039ebbcea641ac436eed0bec717605b539d,US,WA,35,Home,hold
696.20833333333337,706.58333333333337,706.02083333333337,2a489fa7b200c3fbc797c40774b08cb6f656990d,US,WA,35,Home,hold
687.22424242424245,680.0424242424242,679.5333333333333,384e7c2ed9aab0c7c434a93ac2b3119620b41b20,US,WA,35,Home,hold
704.86666666666667,711.13333333333333,709.66666666666663,ed4041d75fc926a331a5914e5b71034a70e18b8a,US,WA,35,Home,hold
639.86363636363637,652.65909090909088,640.86363636363637,91432d1034d27f2b4cbe4418d0bf0761a339df4f,US,WA,35,Home,hold
698.2348484848485,700.0,700.0,60fc137d3c0de361b28ac4e281bde160e068f1d6,US,WA,35,Home,hold
718.64779874213832,745.0,716.5723270440252,6a4e6fd29e4e3d0158209c2a2cf9e8a03079842f,US,WI,35,Home,hold
682.70967741935488,703.09677419354841,698.70967741935488,340843e058b22df114ba6cb7fb10578efc59da1a,US,WI,35,Home,hold
696.77536231884062,700.0,700.0,c648128a8ad3a5d59152d13a116108f176dc441a,US,WI,35,Home,hold
721.91666666666663,730.16666666666663,729.33333333333337,d46dcd5ba1d02aef944043ddf1b3f896d2b85e9c,US,WI,35,Home,hold
690.94444444444446,670.0,660.0,9a7343aa22f4659428bffa803ab26f2380161a22,US,WI,35,Home,hold
700.66666666666663,700.0,700.0,563c6c1dafac570e88c2c9b92e3d9c5d78ea2c49,US,WI,35,Home,hold
650.63725490196077,650.0,650.0,87e64bb655ce373474dbc044390bcf8793a7fc20,US,WI,35,Home,hold
703.59090909090912,700.5454545454545,700.5454545454545,f3b865a8ea305b2afa22e5280eed5786274340b3,US,WV,35,Home,hold
720.64814814814815,725.22222222222217,724.83333333333337,9263ae10b5a817975d8875fc3d87540b8a3b12fb,US,WV,35,Home,hold
716.5,721.16666666666663,718.83333333333337,2a7d4fd1db87baa60518a2b2f1f050805e889a0b,US,WY,35,Home,hold